dif_sign,vol_bin,amt_bin,p60_bin,stage,n,win_rate,avg_ret,med_ret,avg_dd,med_dd,sharpe,calmar,score
below_zero,温量,额温,高位,4,951,0.8875,0.3082,0.2474,-0.047,-0.0242,3.782,6.55,5.813
below_zero,平量,额平,高位,4,1628,0.8581,0.3006,0.2511,-0.0544,-0.0377,3.412,5.523,4.739
below_zero,缩量,额减,高位,4,425,0.8447,0.2902,0.1955,-0.052,-0.0377,2.611,5.578,4.712
below_zero,平量,额平,中位,4,2832,0.91,0.2988,0.2399,-0.0724,-0.0597,3.941,4.127,3.755
below_zero,爆量,额爆,高位,4,474,0.8291,0.2937,0.2396,-0.0652,-0.0405,3.354,4.506,3.736
below_zero,温量,额温,中位,4,1090,0.9073,0.2983,0.2433,-0.0725,-0.0587,4.219,4.113,3.732
below_zero,缩量,额减,中位,4,1020,0.899,0.2963,0.2407,-0.0716,-0.0597,3.581,4.136,3.718
below_zero,爆量,额爆,中位,4,388,0.8737,0.297,0.2621,-0.0803,-0.069,3.704,3.697,3.23
above_zero,平量,额平,新高,4,213,0.7371,0.1868,0.1247,-0.0583,-0.0294,2.564,3.204,2.362
below_zero,平量,额平,深底,4,272,0.875,0.2743,0.23,-0.1078,-0.0947,3.814,2.545,2.227
above_zero,平量,额平,高位,4,480,0.6458,0.2052,0.1023,-0.0819,-0.0666,2.014,2.506,1.618
below_zero,缩量,额减,高位,3,345,0.7507,0.115,0.0797,-0.0548,-0.0333,2.147,2.098,1.575
below_zero,缩量,额减,中位,1,674,0.773,0.1327,0.0992,-0.0672,-0.046,2.694,1.975,1.526
below_zero,平量,额平,中位,1,269,0.7732,0.1268,0.1095,-0.0662,-0.0409,2.695,1.915,1.48
below_zero,缩量,额减,高位,1,519,0.6917,0.0904,0.0571,-0.0451,-0.0306,2.445,2.002,1.385
above_zero,温量,额温,高位,4,264,0.6288,0.1995,0.1014,-0.0951,-0.085,2.031,2.098,1.319
below_zero,温量,额温,高位,?,1435,0.6592,0.107,0.0618,-0.0637,-0.0462,1.83,1.678,1.106
below_zero,温量,额温,中位,?,1392,0.671,0.1361,0.0729,-0.0863,-0.0693,1.96,1.576,1.058
below_zero,缩量,额减,高位,?,938,0.6706,0.0991,0.0456,-0.0634,-0.0518,1.563,1.562,1.048
below_zero,缩量,额减,中位,3,455,0.6879,0.1288,0.08,-0.0849,-0.0564,2.139,1.518,1.044
below_zero,平量,额平,高位,3,1178,0.6604,0.0984,0.0532,-0.0635,-0.0447,1.751,1.549,1.023
below_zero,缩量,额减,中位,?,2452,0.6827,0.1127,0.0651,-0.0779,-0.0609,2.097,1.447,0.988
below_zero,温量,额温,高位,3,473,0.6364,0.1183,0.0626,-0.0784,-0.0544,1.801,1.508,0.96
below_zero,缩量,额减,高位,2,725,0.6441,0.1052,0.0497,-0.0716,-0.0557,1.229,1.469,0.946
below_zero,温量,额温,高位,1.5,538,0.6283,0.1133,0.0393,-0.08,-0.0633,0.94,1.417,0.89
below_zero,平量,额平,深底,?,347,0.7003,0.1437,0.0787,-0.114,-0.0944,1.997,1.26,0.883
below_zero,平量,额减,中位,?,274,0.6715,0.1063,0.0586,-0.0854,-0.0687,2.043,1.246,0.836
below_zero,平量,额平,高位,?,3849,0.6225,0.0855,0.0375,-0.0645,-0.0506,1.529,1.325,0.825
below_zero,爆量,额爆,高位,?,564,0.6206,0.0986,0.0525,-0.0751,-0.0539,1.799,1.313,0.815
below_zero,平量,额平,中位,?,5716,0.6491,0.1075,0.0542,-0.0858,-0.0718,1.833,1.252,0.813
below_zero,平量,额平,高位,1,276,0.6341,0.0721,0.0389,-0.057,-0.0393,1.733,1.265,0.802
below_zero,爆量,额爆,中位,?,402,0.6493,0.1187,0.0654,-0.0962,-0.0771,1.869,1.234,0.801
below_zero,平量,额平,高位,2,2659,0.6303,0.0977,0.0414,-0.0782,-0.0653,1.331,1.248,0.787
below_zero,温量,额温,中位,1.5,243,0.6461,0.1195,0.053,-0.0988,-0.0783,1.765,1.209,0.781
below_zero,爆量,额爆,中位,1.5,249,0.6305,0.129,0.0466,-0.1139,-0.1011,1.552,1.132,0.714
below_zero,爆量,额爆,高位,1.5,765,0.5856,0.0974,0.0394,-0.0909,-0.0813,1.578,1.071,0.627
below_zero,平量,额平,中位,3,1461,0.6153,0.1017,0.0564,-0.1025,-0.0789,1.638,0.992,0.61
below_zero,温量,额温,中位,3,723,0.5864,0.1121,0.0434,-0.1166,-0.1016,1.479,0.961,0.564
above_zero,爆量,额爆,高位,?,206,0.5971,0.0899,0.0261,-0.0988,-0.0958,1.558,0.91,0.543
above_zero,温量,额温,新高,?,932,0.5494,0.0872,0.0149,-0.0888,-0.0765,1.097,0.981,0.539
below_zero,爆量,额爆,新高,1.5,249,0.5462,0.0931,0.0104,-0.0949,-0.079,1.042,0.981,0.536
below_zero,温量,额温,高位,2,1142,0.5823,0.0871,0.0272,-0.099,-0.0866,1.322,0.88,0.512
above_zero,温量,额温,新高,1.5,400,0.56,0.0784,0.0209,-0.0882,-0.0724,1.281,0.89,0.498
below_zero,爆量,额爆,高位,3,278,0.554,0.0759,0.045,-0.0874,-0.0701,1.493,0.868,0.481
above_zero,爆量,额爆,高位,1.5,331,0.5196,0.0981,0.0092,-0.1112,-0.0978,1.127,0.882,0.458
above_zero,爆量,额爆,新高,1.5,975,0.5426,0.0834,0.0151,-0.0993,-0.0886,1.322,0.84,0.456
above_zero,平量,额平,新高,?,1415,0.5357,0.0713,0.0113,-0.0843,-0.0726,1.167,0.846,0.453
below_zero,爆量,额爆,中位,3,317,0.53,0.1037,0.0232,-0.1235,-0.1073,1.071,0.84,0.445
above_zero,缩量,额减,高位,2,446,0.565,0.0796,0.0183,-0.1014,-0.0828,1.231,0.785,0.444
above_zero,平量,额平,中位,?,214,0.5467,0.0845,0.0271,-0.1206,-0.1144,1.288,0.701,0.383
above_zero,平量,额平,高位,?,1731,0.5257,0.0657,0.0092,-0.0985,-0.0902,1.113,0.666,0.35
above_zero,平量,额平,高位,2,2498,0.5372,0.0761,0.0154,-0.1171,-0.102,1.11,0.65,0.349
above_zero,爆量,额爆,高位,2,572,0.521,0.0848,0.0073,-0.1275,-0.1173,0.994,0.665,0.347
above_zero,缩量,额减,新高,2,263,0.5323,0.0712,0.0253,-0.115,-0.0925,0.81,0.619,0.33
above_zero,爆量,额爆,新高,2,1956,0.5077,0.0766,0.0028,-0.1195,-0.1067,1.019,0.641,0.325
below_zero,爆量,额爆,高位,2,480,0.5146,0.0681,0.0034,-0.1081,-0.0958,1.107,0.63,0.324
above_zero,温量,额温,高位,1.5,371,0.5256,0.0639,0.0101,-0.1073,-0.0942,1.069,0.596,0.313
above_zero,平量,额平,新高,2,2985,0.533,0.0628,0.0139,-0.1118,-0.0929,0.965,0.562,0.299
above_zero,温量,额温,高位,2,1436,0.4916,0.0728,-0.0034,-0.1306,-0.1202,0.966,0.557,0.274
above_zero,平量,额平,中位,3,331,0.4985,0.0822,-0.0014,-0.1511,-0.1432,1.007,0.544,0.271
above_zero,爆量,额爆,新高,?,531,0.4765,0.0527,-0.0074,-0.0994,-0.0875,0.989,0.53,0.252
above_zero,温量,额温,新高,2,2611,0.4868,0.063,-0.0055,-0.1237,-0.1067,0.88,0.509,0.248
above_zero,温量,额温,高位,?,739,0.5074,0.0533,0.0022,-0.1107,-0.1042,1.022,0.481,0.244
above_zero,平量,额平,高位,3,1481,0.4902,0.0595,-0.0035,-0.1313,-0.1275,0.848,0.453,0.222
above_zero,温量,额爆,新高,2,338,0.4763,0.055,-0.0122,-0.1435,-0.1144,0.74,0.383,0.183
above_zero,平量,额平,新高,3,1585,0.4568,0.0386,-0.0168,-0.1388,-0.1351,0.66,0.278,0.127
above_zero,爆量,额爆,高位,3,316,0.4589,0.0421,-0.0255,-0.1596,-0.1622,0.671,0.264,0.121
above_zero,温量,额爆,新高,3,225,0.4267,0.0494,-0.0287,-0.1775,-0.1798,0.633,0.278,0.119
above_zero,温量,额温,中位,3,218,0.4358,0.038,-0.0355,-0.1668,-0.1727,0.573,0.228,0.099
above_zero,温量,额温,新高,3,1588,0.4207,0.0317,-0.0281,-0.1564,-0.1496,0.485,0.203,0.085
above_zero,爆量,额爆,新高,3,1382,0.4088,0.033,-0.0394,-0.1616,-0.1636,0.467,0.204,0.083
above_zero,平量,额温,新高,2,467,0.4176,0.0256,-0.0234,-0.1578,-0.1466,0.37,0.162,0.068
above_zero,温量,额温,高位,3,877,0.4208,0.0153,-0.0364,-0.1584,-0.162,0.296,0.096,0.041
above_zero,平量,额温,新高,3,279,0.3943,0.0112,-0.0474,-0.1684,-0.1618,0.188,0.067,0.026
