formula_id,variant_id,sell_rule,holding_days,stock_count,trade_count,win_rate,avg_ret,avg_dd,calmar,delay_buy_rate,delay_sell_rate,score,elapsed_sec,execution_model,params
activity_breakout,strict_capped,fixed_60,60,5201,172552,0.447900,0.023663,-0.162223,0.145870,0.017345,0.002272,45.801898,132.949128,vwap_tradable_v1,"{""big_bull_line"": 8.0, ""max_close_ret"": 10.0, ""min_close_ret"": 0.0, ""signal_cooldown_days"": 10, ""strong_line"": 4.0, ""x15_multiplier"": 1.5}"
activity_breakout,classic_capped,fixed_60,60,5201,216465,0.447199,0.023230,-0.161811,0.143565,0.019934,0.002319,45.526447,193.248172,vwap_tradable_v1,"{""big_bull_line"": 6.0, ""max_close_ret"": 12.0, ""min_close_ret"": 0.0, ""signal_cooldown_days"": 8, ""strong_line"": 3.0, ""x15_multiplier"": 1.2}"
activity_breakout,default,fixed_60,60,5201,388563,0.441550,0.021685,-0.166785,0.130017,0.020681,0.002604,44.506241,194.314728,vwap_tradable_v1,{}
activity_breakout,default,fixed_20,20,5201,406150,0.470102,0.013159,-0.103052,0.127693,0.020645,0.003902,41.075579,185.802705,vwap_tradable_v1,{}
activity_breakout,strict_capped,fixed_20,20,5201,179973,0.469443,0.011200,-0.098871,0.113278,0.017253,0.003601,40.041102,132.397142,vwap_tradable_v1,"{""big_bull_line"": 8.0, ""max_close_ret"": 10.0, ""min_close_ret"": 0.0, ""signal_cooldown_days"": 10, ""strong_line"": 4.0, ""x15_multiplier"": 1.5}"
activity_breakout,default,fixed_30,30,5201,401382,0.449868,0.012421,-0.124598,0.099693,0.020669,0.004250,39.956066,190.177446,vwap_tradable_v1,{}
activity_breakout,strict_capped,fixed_30,30,5201,177933,0.452592,0.012120,-0.119942,0.101052,0.017265,0.003602,39.934486,132.673462,vwap_tradable_v1,"{""big_bull_line"": 8.0, ""max_close_ret"": 10.0, ""min_close_ret"": 0.0, ""signal_cooldown_days"": 10, ""strong_line"": 4.0, ""x15_multiplier"": 1.5}"
activity_breakout,classic_capped,fixed_20,20,5201,225924,0.468095,0.010942,-0.098729,0.110825,0.019812,0.003740,39.832257,192.570327,vwap_tradable_v1,"{""big_bull_line"": 6.0, ""max_close_ret"": 12.0, ""min_close_ret"": 0.0, ""signal_cooldown_days"": 8, ""strong_line"": 3.0, ""x15_multiplier"": 1.2}"
activity_breakout,classic_capped,fixed_30,30,5201,223229,0.451648,0.011898,-0.119771,0.099339,0.019841,0.004211,39.754571,192.909852,vwap_tradable_v1,"{""big_bull_line"": 6.0, ""max_close_ret"": 12.0, ""min_close_ret"": 0.0, ""signal_cooldown_days"": 8, ""strong_line"": 3.0, ""x15_multiplier"": 1.2}"
activity_breakout,default,fixed_15,15,5201,408283,0.475903,0.009564,-0.091518,0.104507,0.020625,0.003409,39.341422,181.440529,vwap_tradable_v1,{}
activity_breakout,default,formula_exit_or_30,30,5201,413591,0.428520,0.009652,-0.042535,0.226928,0.020581,0.017363,38.436985,197.075985,vwap_tradable_v1,{}
activity_breakout,default,formula_exit_or_20,20,5201,413640,0.428728,0.009619,-0.042530,0.226177,0.020588,0.017061,38.425899,196.505443,vwap_tradable_v1,{}
activity_breakout,default,formula_exit_or_60,60,5201,413583,0.428506,0.009611,-0.042535,0.225946,0.020579,0.017409,38.410357,197.656610,vwap_tradable_v1,{}
activity_breakout,default,formula_exit_or_15,15,5201,413709,0.429072,0.009542,-0.042507,0.224485,0.020594,0.016645,38.393271,195.948131,vwap_tradable_v1,{}
activity_breakout,default,formula_exit_or_10,10,5201,413898,0.430650,0.009407,-0.042368,0.222020,0.020590,0.015224,38.374738,195.428513,vwap_tradable_v1,{}
activity_breakout,strict_capped,fixed_15,15,5201,180792,0.475154,0.007573,-0.087568,0.086481,0.017235,0.003070,38.270472,132.118637,vwap_tradable_v1,"{""big_bull_line"": 8.0, ""max_close_ret"": 10.0, ""min_close_ret"": 0.0, ""signal_cooldown_days"": 10, ""strong_line"": 4.0, ""x15_multiplier"": 1.5}"
activity_breakout,classic_capped,fixed_15,15,5201,227057,0.473709,0.007625,-0.087409,0.087235,0.019770,0.003268,38.229633,192.196301,vwap_tradable_v1,"{""big_bull_line"": 6.0, ""max_close_ret"": 12.0, ""min_close_ret"": 0.0, ""signal_cooldown_days"": 8, ""strong_line"": 3.0, ""x15_multiplier"": 1.2}"
activity_breakout,default,fixed_10,10,5201,411028,0.479269,0.006672,-0.077569,0.086019,0.020570,0.003834,37.900301,177.024357,vwap_tradable_v1,{}
activity_breakout,classic_capped,formula_exit_or_20,20,5201,229899,0.430393,0.008239,-0.038312,0.215064,0.019748,0.014463,37.764728,194.511031,vwap_tradable_v1,"{""big_bull_line"": 6.0, ""max_close_ret"": 12.0, ""min_close_ret"": 0.0, ""signal_cooldown_days"": 8, ""strong_line"": 3.0, ""x15_multiplier"": 1.2}"
activity_breakout,classic_capped,formula_exit_or_30,30,5201,229880,0.430285,0.008227,-0.038314,0.214735,0.019741,0.014725,37.751286,194.809459,vwap_tradable_v1,"{""big_bull_line"": 6.0, ""max_close_ret"": 12.0, ""min_close_ret"": 0.0, ""signal_cooldown_days"": 8, ""strong_line"": 3.0, ""x15_multiplier"": 1.2}"
activity_breakout,classic_capped,formula_exit_or_15,15,5201,229929,0.430746,0.008168,-0.038288,0.213336,0.019745,0.014104,37.734701,194.191581,vwap_tradable_v1,"{""big_bull_line"": 6.0, ""max_close_ret"": 12.0, ""min_close_ret"": 0.0, ""signal_cooldown_days"": 8, ""strong_line"": 3.0, ""x15_multiplier"": 1.2}"
activity_breakout,classic_capped,formula_exit_or_60,60,5201,229878,0.430280,0.008195,-0.038314,0.213889,0.019737,0.014760,37.730391,195.139009,vwap_tradable_v1,"{""big_bull_line"": 6.0, ""max_close_ret"": 12.0, ""min_close_ret"": 0.0, ""signal_cooldown_days"": 8, ""strong_line"": 3.0, ""x15_multiplier"": 1.2}"
activity_breakout,classic_capped,formula_exit_or_10,10,5201,229998,0.431939,0.008029,-0.038173,0.210344,0.019744,0.012913,37.698045,193.873327,vwap_tradable_v1,"{""big_bull_line"": 6.0, ""max_close_ret"": 12.0, ""min_close_ret"": 0.0, ""signal_cooldown_days"": 8, ""strong_line"": 3.0, ""x15_multiplier"": 1.2}"
activity_breakout,default,formula_exit_or_5,5,5201,414344,0.438039,0.007692,-0.041472,0.185480,0.020637,0.011548,37.592882,194.880795,vwap_tradable_v1,{}
activity_breakout,strict_capped,formula_exit_or_10,10,5201,183213,0.432218,0.007730,-0.037500,0.206127,0.017220,0.012576,37.564135,133.520147,vwap_tradable_v1,"{""big_bull_line"": 8.0, ""max_close_ret"": 10.0, ""min_close_ret"": 0.0, ""signal_cooldown_days"": 10, ""strong_line"": 4.0, ""x15_multiplier"": 1.5}"
activity_breakout,strict_capped,formula_exit_or_20,20,5201,183145,0.431145,0.007760,-0.037596,0.206393,0.017216,0.014044,37.533532,134.091943,vwap_tradable_v1,"{""big_bull_line"": 8.0, ""max_close_ret"": 10.0, ""min_close_ret"": 0.0, ""signal_cooldown_days"": 10, ""strong_line"": 4.0, ""x15_multiplier"": 1.5}"
activity_breakout,strict_capped,formula_exit_or_30,30,5201,183134,0.431045,0.007762,-0.037599,0.206448,0.017206,0.014246,37.530149,134.376414,vwap_tradable_v1,"{""big_bull_line"": 8.0, ""max_close_ret"": 10.0, ""min_close_ret"": 0.0, ""signal_cooldown_days"": 10, ""strong_line"": 4.0, ""x15_multiplier"": 1.5}"
activity_breakout,strict_capped,formula_exit_or_15,15,5201,183158,0.431354,0.007729,-0.037583,0.205658,0.017220,0.013753,37.523800,133.792970,vwap_tradable_v1,"{""big_bull_line"": 8.0, ""max_close_ret"": 10.0, ""min_close_ret"": 0.0, ""signal_cooldown_days"": 10, ""strong_line"": 4.0, ""x15_multiplier"": 1.5}"
activity_breakout,strict_capped,formula_exit_or_60,60,5201,183130,0.431033,0.007747,-0.037599,0.206038,0.017201,0.014263,37.519894,134.593805,vwap_tradable_v1,"{""big_bull_line"": 8.0, ""max_close_ret"": 10.0, ""min_close_ret"": 0.0, ""signal_cooldown_days"": 10, ""strong_line"": 4.0, ""x15_multiplier"": 1.5}"
activity_breakout,classic_capped,formula_exit_or_5,5,5201,230198,0.438427,0.007142,-0.037440,0.190772,0.019792,0.009770,37.382291,193.556685,vwap_tradable_v1,"{""big_bull_line"": 6.0, ""max_close_ret"": 12.0, ""min_close_ret"": 0.0, ""signal_cooldown_days"": 8, ""strong_line"": 3.0, ""x15_multiplier"": 1.2}"
activity_breakout,strict_capped,formula_exit_or_5,5,5201,183346,0.437866,0.007038,-0.036907,0.190687,0.017252,0.009419,37.341513,133.224723,vwap_tradable_v1,"{""big_bull_line"": 8.0, ""max_close_ret"": 10.0, ""min_close_ret"": 0.0, ""signal_cooldown_days"": 10, ""strong_line"": 4.0, ""x15_multiplier"": 1.5}"
activity_breakout,classic_capped,fixed_10,10,5201,228496,0.475934,0.004560,-0.073413,0.062113,0.019729,0.003554,36.635722,191.819930,vwap_tradable_v1,"{""big_bull_line"": 6.0, ""max_close_ret"": 12.0, ""min_close_ret"": 0.0, ""signal_cooldown_days"": 8, ""strong_line"": 3.0, ""x15_multiplier"": 1.2}"
activity_breakout,strict_capped,fixed_10,10,5201,181980,0.475151,0.004515,-0.073572,0.061362,0.017178,0.003649,36.610350,131.816845,vwap_tradable_v1,"{""big_bull_line"": 8.0, ""max_close_ret"": 10.0, ""min_close_ret"": 0.0, ""signal_cooldown_days"": 10, ""strong_line"": 4.0, ""x15_multiplier"": 1.5}"
activity_breakout,default,fixed_5,5,5201,413607,0.472144,0.003304,-0.058380,0.056603,0.020650,0.004038,35.852694,172.394056,vwap_tradable_v1,{}
activity_breakout,classic_capped,fixed_5,5,5201,229806,0.470580,0.002543,-0.054394,0.046752,0.019804,0.003886,35.385752,191.449835,vwap_tradable_v1,"{""big_bull_line"": 6.0, ""max_close_ret"": 12.0, ""min_close_ret"": 0.0, ""signal_cooldown_days"": 8, ""strong_line"": 3.0, ""x15_multiplier"": 1.2}"
activity_breakout,strict_capped,fixed_5,5,5201,183025,0.471553,0.002447,-0.054594,0.044819,0.017254,0.003732,35.384241,131.516630,vwap_tradable_v1,"{""big_bull_line"": 8.0, ""max_close_ret"": 10.0, ""min_close_ret"": 0.0, ""signal_cooldown_days"": 10, ""strong_line"": 4.0, ""x15_multiplier"": 1.5}"
gs_pullback_confirm,loose,fixed_60,60,5201,49964,0.462233,0.025560,-0.149671,0.170772,0.007525,0.004203,47.383426,42.907435,vwap_tradable_v1,"{""ma_pull_high"": 1.02, ""ma_pull_low"": 0.7, ""maxrun_max"": 10, ""rate_min"": 30, ""sellpct_max"": 70}"
gs_pullback_confirm,default,fixed_60,60,5201,30931,0.460347,0.024117,-0.148007,0.162947,0.007339,0.004171,46.568716,42.552542,vwap_tradable_v1,{}
gs_pullback_confirm,strict,fixed_60,60,5201,10670,0.452109,0.017419,-0.137865,0.126348,0.006186,0.004124,42.801389,138.989494,vwap_tradable_v1,"{""ma_pull_high"": 0.98, ""ma_pull_low"": 0.85, ""maxlen_max"": 15, ""maxrun_max"": 6, ""rate_min"": 50, ""sellpct_max"": 50}"
gs_pullback_confirm,loose,formula_exit_or_60,60,5201,52974,0.502152,0.012964,-0.080746,0.160547,0.007872,0.019764,42.072721,43.370807,vwap_tradable_v1,"{""ma_pull_high"": 1.02, ""ma_pull_low"": 0.7, ""maxrun_max"": 10, ""rate_min"": 30, ""sellpct_max"": 70}"
gs_pullback_confirm,loose,formula_exit_or_30,30,5201,53292,0.498367,0.011319,-0.078128,0.144882,0.007825,0.016419,41.092702,43.328906,vwap_tradable_v1,"{""ma_pull_high"": 1.02, ""ma_pull_low"": 0.7, ""maxrun_max"": 10, ""rate_min"": 30, ""sellpct_max"": 70}"
gs_pullback_confirm,default,formula_exit_or_60,60,5201,32751,0.493298,0.011096,-0.080221,0.138313,0.007725,0.018961,40.771489,42.929483,vwap_tradable_v1,{}
gs_pullback_confirm,default,formula_exit_or_30,30,5201,32959,0.490063,0.009361,-0.077366,0.120994,0.007676,0.015777,39.752768,42.881768,vwap_tradable_v1,{}
gs_pullback_confirm,strict,formula_exit_or_60,60,5201,11196,0.483744,0.007182,-0.074509,0.096385,0.006252,0.018399,38.338520,139.032320,vwap_tradable_v1,"{""ma_pull_high"": 0.98, ""ma_pull_low"": 0.85, ""maxlen_max"": 15, ""maxrun_max"": 6, ""rate_min"": 50, ""sellpct_max"": 50}"
gs_pullback_confirm,strict,formula_exit_or_30,30,5201,11243,0.479765,0.005854,-0.071999,0.081313,0.006226,0.015298,37.511473,139.025852,vwap_tradable_v1,"{""ma_pull_high"": 0.98, ""ma_pull_low"": 0.85, ""maxlen_max"": 15, ""maxrun_max"": 6, ""rate_min"": 50, ""sellpct_max"": 50}"
gs_pullback_confirm,loose,formula_exit_or_20,20,5201,53364,0.483285,0.005230,-0.074446,0.070259,0.007814,0.013492,37.252011,43.284835,vwap_tradable_v1,"{""ma_pull_high"": 1.02, ""ma_pull_low"": 0.7, ""maxrun_max"": 10, ""rate_min"": 30, ""sellpct_max"": 70}"
gs_pullback_confirm,default,formula_exit_or_20,20,5201,32985,0.474883,0.003597,-0.073799,0.048739,0.007670,0.012945,36.082461,42.834410,vwap_tradable_v1,{}
gs_pullback_confirm,loose,fixed_30,30,5201,52870,0.425156,0.005052,-0.115440,0.043766,0.007641,0.002175,35.401526,42.783396,vwap_tradable_v1,"{""ma_pull_high"": 1.02, ""ma_pull_low"": 0.7, ""maxrun_max"": 10, ""rate_min"": 30, ""sellpct_max"": 70}"
gs_pullback_confirm,loose,formula_exit_or_15,15,5201,53411,0.471869,0.001703,-0.070700,0.024092,0.007826,0.011739,34.932531,43.238056,vwap_tradable_v1,"{""ma_pull_high"": 1.02, ""ma_pull_low"": 0.7, ""maxrun_max"": 10, ""rate_min"": 30, ""sellpct_max"": 70}"
gs_pullback_confirm,default,fixed_30,30,5201,32694,0.419802,0.003145,-0.113862,0.027622,0.007494,0.002019,34.209611,42.469761,vwap_tradable_v1,{}
gs_pullback_confirm,strict,formula_exit_or_20,20,5201,11252,0.469783,0.000469,-0.068952,0.006795,0.006221,0.012176,34.177752,139.019496,vwap_tradable_v1,"{""ma_pull_high"": 0.98, ""ma_pull_low"": 0.85, ""maxlen_max"": 15, ""maxrun_max"": 6, ""rate_min"": 50, ""sellpct_max"": 50}"
gs_pullback_confirm,default,formula_exit_or_15,15,5201,33019,0.462703,0.000267,-0.070180,0.003811,0.007693,0.011599,33.840959,42.758299,vwap_tradable_v1,{}
gs_pullback_confirm,strict,fixed_30,30,5201,11183,0.422963,0.001852,-0.106373,0.017410,0.006260,0.002504,33.614287,138.982977,vwap_tradable_v1,"{""ma_pull_high"": 0.98, ""ma_pull_low"": 0.85, ""maxlen_max"": 15, ""maxrun_max"": 6, ""rate_min"": 50, ""sellpct_max"": 50}"
gs_pullback_confirm,loose,formula_exit_or_10,10,5201,53547,0.460904,-0.000095,-0.062872,-0.001508,0.007862,0.009113,33.602392,43.192181,vwap_tradable_v1,"{""ma_pull_high"": 1.02, ""ma_pull_low"": 0.7, ""maxrun_max"": 10, ""rate_min"": 30, ""sellpct_max"": 70}"
gs_pullback_confirm,loose,formula_exit_or_5,5,5201,53618,0.454959,-0.000413,-0.048624,-0.008491,0.007852,0.004886,33.272516,43.145756,vwap_tradable_v1,"{""ma_pull_high"": 1.02, ""ma_pull_low"": 0.7, ""maxrun_max"": 10, ""rate_min"": 30, ""sellpct_max"": 70}"
gs_pullback_confirm,default,formula_exit_or_10,10,5201,33111,0.453746,-0.001146,-0.062466,-0.018343,0.007701,0.009151,32.779232,42.701670,vwap_tradable_v1,{}
gs_pullback_confirm,loose,fixed_5,5,5201,53609,0.450745,-0.001690,-0.050499,-0.033461,0.007853,0.003003,32.401636,42.271860,vwap_tradable_v1,"{""ma_pull_high"": 1.02, ""ma_pull_low"": 0.7, ""maxrun_max"": 10, ""rate_min"": 30, ""sellpct_max"": 70}"
gs_pullback_confirm,default,formula_exit_or_5,5,5201,33148,0.447146,-0.001555,-0.048410,-0.032115,0.007693,0.005038,32.349155,42.618938,vwap_tradable_v1,{}
gs_pullback_confirm,strict,formula_exit_or_15,15,5201,11266,0.460944,-0.002930,-0.065399,-0.044804,0.006213,0.010740,31.969709,139.011622,vwap_tradable_v1,"{""ma_pull_high"": 0.98, ""ma_pull_low"": 0.85, ""maxlen_max"": 15, ""maxrun_max"": 6, ""rate_min"": 50, ""sellpct_max"": 50}"
gs_pullback_confirm,loose,fixed_20,20,5201,53195,0.419476,-0.001121,-0.096189,-0.011654,0.007726,0.003008,31.858181,42.654994,vwap_tradable_v1,"{""ma_pull_high"": 1.02, ""ma_pull_low"": 0.7, ""maxrun_max"": 10, ""rate_min"": 30, ""sellpct_max"": 70}"
gs_pullback_confirm,strict,formula_exit_or_10,10,5201,11303,0.455366,-0.002916,-0.057534,-0.050685,0.006193,0.008405,31.803535,139.004622,vwap_tradable_v1,"{""ma_pull_high"": 0.98, ""ma_pull_low"": 0.85, ""maxlen_max"": 15, ""maxrun_max"": 6, ""rate_min"": 50, ""sellpct_max"": 50}"
gs_pullback_confirm,default,fixed_5,5,5201,33143,0.444106,-0.002766,-0.050266,-0.055031,0.007694,0.002987,31.558124,42.090994,vwap_tradable_v1,{}
gs_pullback_confirm,strict,formula_exit_or_5,5,5201,11313,0.442058,-0.002989,-0.044319,-0.067450,0.006188,0.004950,31.318466,138.997496,vwap_tradable_v1,"{""ma_pull_high"": 0.98, ""ma_pull_low"": 0.85, ""maxlen_max"": 15, ""maxrun_max"": 6, ""rate_min"": 50, ""sellpct_max"": 50}"
gs_pullback_confirm,loose,fixed_10,10,5201,53512,0.435416,-0.003764,-0.070524,-0.053366,0.007830,0.003102,30.804517,42.391411,vwap_tradable_v1,"{""ma_pull_high"": 1.02, ""ma_pull_low"": 0.7, ""maxrun_max"": 10, ""rate_min"": 30, ""sellpct_max"": 70}"
gs_pullback_confirm,default,fixed_20,20,5201,32868,0.414263,-0.002883,-0.095342,-0.030243,0.007637,0.002708,30.731546,42.380062,vwap_tradable_v1,{}
gs_pullback_confirm,strict,fixed_5,5,5201,11312,0.438914,-0.004273,-0.046262,-0.092358,0.006188,0.002564,30.481797,138.941191,vwap_tradable_v1,"{""ma_pull_high"": 0.98, ""ma_pull_low"": 0.85, ""maxlen_max"": 15, ""maxrun_max"": 6, ""rate_min"": 50, ""sellpct_max"": 50}"
gs_pullback_confirm,loose,fixed_15,15,5201,53296,0.420557,-0.003972,-0.085535,-0.046436,0.007749,0.003490,30.286179,42.519261,vwap_tradable_v1,"{""ma_pull_high"": 1.02, ""ma_pull_low"": 0.7, ""maxrun_max"": 10, ""rate_min"": 30, ""sellpct_max"": 70}"
gs_pullback_confirm,default,fixed_10,10,5201,33087,0.430592,-0.004986,-0.070087,-0.071137,0.007677,0.003053,29.961895,42.197178,vwap_tradable_v1,{}
gs_pullback_confirm,default,fixed_15,15,5201,32935,0.411720,-0.005595,-0.084958,-0.065856,0.007651,0.003370,29.114634,42.279483,vwap_tradable_v1,{}
gs_pullback_confirm,strict,fixed_10,10,5201,11298,0.429634,-0.006850,-0.065068,-0.105269,0.006196,0.002390,28.851951,138.949286,vwap_tradable_v1,"{""ma_pull_high"": 0.98, ""ma_pull_low"": 0.85, ""maxlen_max"": 15, ""maxrun_max"": 6, ""rate_min"": 50, ""sellpct_max"": 50}"
gs_pullback_confirm,strict,fixed_20,20,5201,11229,0.404221,-0.006354,-0.090034,-0.070574,0.006234,0.002494,28.509475,138.975535,vwap_tradable_v1,"{""ma_pull_high"": 0.98, ""ma_pull_low"": 0.85, ""maxlen_max"": 15, ""maxrun_max"": 6, ""rate_min"": 50, ""sellpct_max"": 50}"
gs_pullback_confirm,strict,fixed_15,15,5201,11245,0.400356,-0.009162,-0.079923,-0.114637,0.006225,0.003379,26.760364,138.968448,vwap_tradable_v1,"{""ma_pull_high"": 0.98, ""ma_pull_low"": 0.85, ""maxlen_max"": 15, ""maxrun_max"": 6, ""rate_min"": 50, ""sellpct_max"": 50}"
gs_raw_buy,fast_x3_cooldown,fixed_60,60,5201,227430,0.472510,0.027299,-0.141653,0.192719,0.012707,0.002018,48.641260,94.295743,vwap_tradable_v1,"{""ema_fallback_span"": 3, ""iterations"": 8, ""signal_cooldown_days"": 8, ""x3_ma_windows"": [3, 5, 10, 20]}"
gs_raw_buy,wide_band_cooldown,fixed_60,60,5201,176305,0.470911,0.026215,-0.141508,0.185256,0.012915,0.002116,48.010987,107.683789,vwap_tradable_v1,"{""down_adjust"": 0.97, ""iterations"": 8, ""signal_cooldown_days"": 12, ""up_adjust"": 1.03}"
gs_raw_buy,medium_x3_cooldown,fixed_60,60,5201,169526,0.469120,0.025965,-0.141562,0.183419,0.013255,0.002059,47.820146,129.372161,vwap_tradable_v1,"{""ema_fallback_span"": 5, ""iterations"": 10, ""signal_cooldown_days"": 10, ""x3_ma_windows"": [5, 10, 20, 30]}"
gs_raw_buy,default,fixed_60,60,5201,231474,0.466856,0.024847,-0.142746,0.174066,0.013051,0.002298,47.146118,82.015329,vwap_tradable_v1,{}
gs_raw_buy,fast_x3_cooldown,fixed_20,20,5201,237704,0.482739,0.010321,-0.082140,0.125651,0.012574,0.004438,40.100775,93.606326,vwap_tradable_v1,"{""ema_fallback_span"": 3, ""iterations"": 8, ""signal_cooldown_days"": 8, ""x3_ma_windows"": [3, 5, 10, 20]}"
gs_raw_buy,wide_band_cooldown,fixed_20,20,5201,184309,0.483758,0.010148,-0.081503,0.124509,0.012756,0.004579,40.035904,107.170672,vwap_tradable_v1,"{""down_adjust"": 0.97, ""iterations"": 8, ""signal_cooldown_days"": 12, ""up_adjust"": 1.03}"
gs_raw_buy,medium_x3_cooldown,fixed_20,20,5201,176853,0.483582,0.010002,-0.081550,0.122649,0.013169,0.004507,39.944942,128.867369,vwap_tradable_v1,"{""ema_fallback_span"": 5, ""iterations"": 10, ""signal_cooldown_days"": 10, ""x3_ma_windows"": [5, 10, 20, 30]}"
gs_raw_buy,fast_x3_cooldown,fixed_30,30,5201,234129,0.464577,0.010893,-0.102689,0.106079,0.012626,0.003144,39.756566,93.961351,vwap_tradable_v1,"{""ema_fallback_span"": 3, ""iterations"": 8, ""signal_cooldown_days"": 8, ""x3_ma_windows"": [3, 5, 10, 20]}"
gs_raw_buy,wide_band_cooldown,fixed_30,30,5201,181242,0.463154,0.010500,-0.101973,0.102967,0.012817,0.002759,39.503594,107.432468,vwap_tradable_v1,"{""down_adjust"": 0.97, ""iterations"": 8, ""signal_cooldown_days"": 12, ""up_adjust"": 1.03}"
gs_raw_buy,medium_x3_cooldown,fixed_30,30,5201,174254,0.460374,0.010206,-0.101934,0.100119,0.013176,0.002760,39.255216,129.132769,vwap_tradable_v1,"{""ema_fallback_span"": 5, ""iterations"": 10, ""signal_cooldown_days"": 10, ""x3_ma_windows"": [5, 10, 20, 30]}"
gs_raw_buy,default,fixed_20,20,5201,242255,0.478661,0.008382,-0.082570,0.101514,0.012908,0.004380,38.885522,81.378683,vwap_tradable_v1,{}
gs_raw_buy,fast_x3_cooldown,formula_exit_or_60,60,5201,239810,0.367574,0.012279,-0.037145,0.330562,0.012547,0.015762,38.536293,96.114641,vwap_tradable_v1,"{""ema_fallback_span"": 3, ""iterations"": 8, ""signal_cooldown_days"": 8, ""x3_ma_windows"": [3, 5, 10, 20]}"
gs_raw_buy,fast_x3_cooldown,formula_exit_or_30,30,5201,239873,0.367628,0.012237,-0.037034,0.330417,0.012544,0.015054,38.523345,95.842246,vwap_tradable_v1,"{""ema_fallback_span"": 3, ""iterations"": 8, ""signal_cooldown_days"": 8, ""x3_ma_windows"": [3, 5, 10, 20]}"
gs_raw_buy,fast_x3_cooldown,formula_exit_or_20,20,5201,240343,0.368860,0.011849,-0.036753,0.322406,0.012536,0.013926,38.337950,95.546830,vwap_tradable_v1,"{""ema_fallback_span"": 3, ""iterations"": 8, ""signal_cooldown_days"": 8, ""x3_ma_windows"": [3, 5, 10, 20]}"
gs_raw_buy,default,fixed_30,30,5201,238251,0.455616,0.008171,-0.103258,0.079128,0.012957,0.003001,37.989832,81.700455,vwap_tradable_v1,{}
gs_raw_buy,wide_band_cooldown,formula_exit_or_30,30,5201,185743,0.351749,0.012178,-0.038622,0.315314,0.012733,0.015774,37.933010,108.838144,vwap_tradable_v1,"{""down_adjust"": 0.97, ""iterations"": 8, ""signal_cooldown_days"": 12, ""up_adjust"": 1.03}"
gs_raw_buy,wide_band_cooldown,formula_exit_or_60,60,5201,185650,0.351398,0.011971,-0.038807,0.308472,0.012739,0.016811,37.774228,109.030275,vwap_tradable_v1,"{""down_adjust"": 0.97, ""iterations"": 8, ""signal_cooldown_days"": 12, ""up_adjust"": 1.03}"
gs_raw_buy,medium_x3_cooldown,formula_exit_or_30,30,5201,178289,0.339146,0.012521,-0.040528,0.308942,0.013085,0.016642,37.682288,130.551433,vwap_tradable_v1,"{""ema_fallback_span"": 5, ""iterations"": 10, ""signal_cooldown_days"": 10, ""x3_ma_windows"": [5, 10, 20, 30]}"
gs_raw_buy,wide_band_cooldown,formula_exit_or_20,20,5201,186324,0.355397,0.011547,-0.038191,0.302344,0.012725,0.014223,37.677583,108.599245,vwap_tradable_v1,"{""down_adjust"": 0.97, ""iterations"": 8, ""signal_cooldown_days"": 12, ""up_adjust"": 1.03}"
gs_raw_buy,medium_x3_cooldown,fixed_15,15,5201,177788,0.486304,0.005599,-0.071356,0.078468,0.013162,0.002210,37.627330,128.614648,vwap_tradable_v1,"{""ema_fallback_span"": 5, ""iterations"": 10, ""signal_cooldown_days"": 10, ""x3_ma_windows"": [5, 10, 20, 30]}"
gs_raw_buy,medium_x3_cooldown,formula_exit_or_20,20,5201,178934,0.346245,0.011930,-0.040005,0.298203,0.013111,0.014799,37.564037,130.318021,vwap_tradable_v1,"{""ema_fallback_span"": 5, ""iterations"": 10, ""signal_cooldown_days"": 10, ""x3_ma_windows"": [5, 10, 20, 30]}"
gs_raw_buy,default,formula_exit_or_30,30,5201,244230,0.350047,0.011472,-0.038879,0.295066,0.012861,0.016210,37.421898,83.252531,vwap_tradable_v1,{}
gs_raw_buy,medium_x3_cooldown,formula_exit_or_60,60,5201,178156,0.338355,0.012107,-0.040772,0.296953,0.013095,0.018096,37.377146,130.770384,vwap_tradable_v1,"{""ema_fallback_span"": 5, ""iterations"": 10, ""signal_cooldown_days"": 10, ""x3_ma_windows"": [5, 10, 20, 30]}"
gs_raw_buy,default,formula_exit_or_60,60,5201,244105,0.349698,0.011297,-0.039060,0.289213,0.012867,0.017263,37.284085,83.479557,vwap_tradable_v1,{}
gs_raw_buy,fast_x3_cooldown,formula_exit_or_15,15,5201,240480,0.371461,0.009956,-0.036417,0.273401,0.012537,0.012438,37.239314,95.234953,vwap_tradable_v1,"{""ema_fallback_span"": 3, ""iterations"": 8, ""signal_cooldown_days"": 8, ""x3_ma_windows"": [3, 5, 10, 20]}"
gs_raw_buy,wide_band_cooldown,fixed_15,15,5201,184943,0.482792,0.005063,-0.071283,0.071033,0.012750,0.002136,37.221773,106.912824,vwap_tradable_v1,"{""down_adjust"": 0.97, ""iterations"": 8, ""signal_cooldown_days"": 12, ""up_adjust"": 1.03}"
gs_raw_buy,default,formula_exit_or_20,20,5201,244969,0.353869,0.010892,-0.038471,0.283123,0.012863,0.014610,37.202985,83.001880,vwap_tradable_v1,{}
gs_raw_buy,fast_x3_cooldown,fixed_15,15,5201,238521,0.482163,0.004819,-0.071908,0.067014,0.012557,0.002188,37.061944,93.264178,vwap_tradable_v1,"{""ema_fallback_span"": 3, ""iterations"": 8, ""signal_cooldown_days"": 8, ""x3_ma_windows"": [3, 5, 10, 20]}"
gs_raw_buy,fast_x3_cooldown,formula_exit_or_5,5,5201,241362,0.433821,0.006493,-0.032569,0.199371,0.012612,0.007603,37.056035,94.606500,vwap_tradable_v1,"{""ema_fallback_span"": 3, ""iterations"": 8, ""signal_cooldown_days"": 8, ""x3_ma_windows"": [3, 5, 10, 20]}"
gs_raw_buy,wide_band_cooldown,formula_exit_or_5,5,5201,187285,0.434231,0.006113,-0.033229,0.183967,0.012825,0.008009,36.794958,107.903292,vwap_tradable_v1,"{""down_adjust"": 0.97, ""iterations"": 8, ""signal_cooldown_days"": 12, ""up_adjust"": 1.03}"
gs_raw_buy,medium_x3_cooldown,formula_exit_or_15,15,5201,179153,0.356371,0.009940,-0.039459,0.251907,0.013140,0.012760,36.661644,130.093063,vwap_tradable_v1,"{""ema_fallback_span"": 5, ""iterations"": 10, ""signal_cooldown_days"": 10, ""x3_ma_windows"": [5, 10, 20, 30]}"
gs_raw_buy,default,fixed_15,15,5201,243365,0.480673,0.004171,-0.072074,0.057868,0.012890,0.002248,36.643526,81.050950,vwap_tradable_v1,{}
gs_raw_buy,wide_band_cooldown,formula_exit_or_15,15,5201,186440,0.360534,0.009517,-0.037742,0.252158,0.012739,0.012513,36.582794,108.354359,vwap_tradable_v1,"{""down_adjust"": 0.97, ""iterations"": 8, ""signal_cooldown_days"": 12, ""up_adjust"": 1.03}"
gs_raw_buy,medium_x3_cooldown,formula_exit_or_5,5,5201,179996,0.436271,0.005629,-0.034125,0.164946,0.013256,0.007978,36.514885,129.606233,vwap_tradable_v1,"{""ema_fallback_span"": 5, ""iterations"": 10, ""signal_cooldown_days"": 10, ""x3_ma_windows"": [5, 10, 20, 30]}"
gs_raw_buy,default,formula_exit_or_5,5,5201,246240,0.433914,0.005655,-0.033459,0.169021,0.012959,0.007899,36.481624,82.258309,vwap_tradable_v1,{}
gs_raw_buy,fast_x3_cooldown,formula_exit_or_10,10,5201,240855,0.384493,0.008031,-0.035498,0.226236,0.012535,0.010525,36.450895,94.934092,vwap_tradable_v1,"{""ema_fallback_span"": 3, ""iterations"": 8, ""signal_cooldown_days"": 8, ""x3_ma_windows"": [3, 5, 10, 20]}"
gs_raw_buy,default,formula_exit_or_15,15,5201,245201,0.359652,0.009108,-0.038040,0.239428,0.012875,0.012900,36.282911,82.752175,vwap_tradable_v1,{}
gs_raw_buy,fast_x3_cooldown,fixed_5,5,5201,241263,0.485068,0.002855,-0.041756,0.068366,0.012613,0.003241,36.162682,92.552512,vwap_tradable_v1,"{""ema_fallback_span"": 3, ""iterations"": 8, ""signal_cooldown_days"": 8, ""x3_ma_windows"": [3, 5, 10, 20]}"
gs_raw_buy,wide_band_cooldown,fixed_5,5,5201,187209,0.482060,0.002883,-0.041605,0.069300,0.012825,0.003328,36.088389,106.384728,vwap_tradable_v1,"{""down_adjust"": 0.97, ""iterations"": 8, ""signal_cooldown_days"": 12, ""up_adjust"": 1.03}"
gs_raw_buy,medium_x3_cooldown,fixed_10,10,5201,178687,0.480337,0.002811,-0.058215,0.048288,0.013157,0.002239,35.903143,128.347468,vwap_tradable_v1,"{""ema_fallback_span"": 5, ""iterations"": 10, ""signal_cooldown_days"": 10, ""x3_ma_windows"": [5, 10, 20, 30]}"
gs_raw_buy,fast_x3_cooldown,fixed_10,10,5201,239752,0.477965,0.002922,-0.058387,0.050043,0.012538,0.002311,35.901598,92.916511,vwap_tradable_v1,"{""ema_fallback_span"": 3, ""iterations"": 8, ""signal_cooldown_days"": 8, ""x3_ma_windows"": [3, 5, 10, 20]}"
gs_raw_buy,medium_x3_cooldown,fixed_5,5,5201,179914,0.479701,0.002602,-0.041860,0.062153,0.013256,0.003396,35.836138,128.073260,vwap_tradable_v1,"{""ema_fallback_span"": 5, ""iterations"": 10, ""signal_cooldown_days"": 10, ""x3_ma_windows"": [5, 10, 20, 30]}"
gs_raw_buy,wide_band_cooldown,formula_exit_or_10,10,5201,186800,0.380145,0.007215,-0.036630,0.196976,0.012730,0.010487,35.764609,108.123155,vwap_tradable_v1,"{""down_adjust"": 0.97, ""iterations"": 8, ""signal_cooldown_days"": 12, ""up_adjust"": 1.03}"
gs_raw_buy,default,fixed_5,5,5201,246131,0.482394,0.002338,-0.041993,0.055676,0.012961,0.003189,35.757701,80.392124,vwap_tradable_v1,{}
gs_raw_buy,medium_x3_cooldown,formula_exit_or_10,10,5201,179508,0.382534,0.007098,-0.038072,0.186427,0.013153,0.010579,35.719721,129.855764,vwap_tradable_v1,"{""ema_fallback_span"": 5, ""iterations"": 10, ""signal_cooldown_days"": 10, ""x3_ma_windows"": [5, 10, 20, 30]}"
gs_raw_buy,default,formula_exit_or_10,10,5201,245660,0.380176,0.007084,-0.036897,0.191985,0.012876,0.010799,35.670260,82.507028,vwap_tradable_v1,{}
gs_raw_buy,default,fixed_10,10,5201,244621,0.478491,0.002375,-0.058548,0.040559,0.012873,0.002359,35.592556,80.721346,vwap_tradable_v1,{}
gs_raw_buy,wide_band_cooldown,fixed_10,10,5201,185951,0.476717,0.002393,-0.058108,0.041181,0.012724,0.002200,35.554649,106.650132,vwap_tradable_v1,"{""down_adjust"": 0.97, ""iterations"": 8, ""signal_cooldown_days"": 12, ""up_adjust"": 1.03}"
ma_base_breakout,early_60_120,fixed_60,60,5201,233,0.510730,0.029952,-0.143898,0.208150,0.017167,0.000000,51.167143,30.203833,vwap_tradable_v1,"{""below_days_min"": 30, ""breakout_recent_days"": 5, ""long_ma"": 120, ""ma5_rising_min"": 5, ""mid_ma"": 60, ""short_ma"": 3}"
ma_base_breakout,early_60_120,fixed_20,20,5201,241,0.456432,0.004846,-0.093684,0.051728,0.016598,0.000000,36.208638,30.203617,vwap_tradable_v1,"{""below_days_min"": 30, ""breakout_recent_days"": 5, ""long_ma"": 120, ""ma5_rising_min"": 5, ""mid_ma"": 60, ""short_ma"": 3}"
ma_base_breakout,strict_120_180,fixed_20,20,5201,765,0.440523,0.002655,-0.080901,0.032823,0.014379,0.001307,34.550652,70.121506,vwap_tradable_v1,"{""below_days_min"": 60, ""long_ma"": 180, ""ma5_rising_min"": 10, ""mid_ma"": 120, ""price_top_buffer"": 1.03, ""short_ma"": 8}"
ma_base_breakout,strict_120_180,fixed_30,30,5201,764,0.425393,0.001761,-0.097338,0.018096,0.014398,0.002618,33.562795,70.121841,vwap_tradable_v1,"{""below_days_min"": 60, ""long_ma"": 180, ""ma5_rising_min"": 10, ""mid_ma"": 120, ""price_top_buffer"": 1.03, ""short_ma"": 8}"
ma_base_breakout,early_60_120,fixed_15,15,5201,243,0.411523,0.002035,-0.086246,0.023595,0.016461,0.000000,33.316535,30.203499,vwap_tradable_v1,"{""below_days_min"": 30, ""breakout_recent_days"": 5, ""long_ma"": 120, ""ma5_rising_min"": 5, ""mid_ma"": 60, ""short_ma"": 3}"
ma_base_breakout,strict_120_180,formula_exit_or_30,30,5201,771,0.246433,0.008581,-0.036356,0.236021,0.014267,0.014267,32.578158,70.124110,vwap_tradable_v1,"{""below_days_min"": 60, ""long_ma"": 180, ""ma5_rising_min"": 10, ""mid_ma"": 120, ""price_top_buffer"": 1.03, ""short_ma"": 8}"
ma_base_breakout,early_60_120,fixed_30,30,5201,237,0.413502,0.000242,-0.105290,0.002296,0.016878,0.000000,32.368654,30.203730,vwap_tradable_v1,"{""below_days_min"": 30, ""breakout_recent_days"": 5, ""long_ma"": 120, ""ma5_rising_min"": 5, ""mid_ma"": 60, ""short_ma"": 3}"
ma_base_breakout,strict_120_180,fixed_10,10,5201,769,0.440832,-0.002025,-0.059669,-0.033933,0.014304,0.005202,31.847892,70.120756,vwap_tradable_v1,"{""below_days_min"": 60, ""long_ma"": 180, ""ma5_rising_min"": 10, ""mid_ma"": 120, ""price_top_buffer"": 1.03, ""short_ma"": 8}"
ma_base_breakout,strict_120_180,fixed_15,15,5201,765,0.422222,-0.001218,-0.071551,-0.017023,0.014379,0.002614,31.802596,70.121154,vwap_tradable_v1,"{""below_days_min"": 60, ""long_ma"": 180, ""ma5_rising_min"": 10, ""mid_ma"": 120, ""price_top_buffer"": 1.03, ""short_ma"": 8}"
ma_base_breakout,strict_120_180,formula_exit_or_5,5,5201,772,0.351036,0.001767,-0.032736,0.053980,0.014249,0.010363,31.438421,70.122600,vwap_tradable_v1,"{""below_days_min"": 60, ""long_ma"": 180, ""ma5_rising_min"": 10, ""mid_ma"": 120, ""price_top_buffer"": 1.03, ""short_ma"": 8}"
ma_base_breakout,strict_120_180,formula_exit_or_20,20,5201,771,0.278859,0.005127,-0.035740,0.143447,0.014267,0.011673,31.387012,70.123750,vwap_tradable_v1,"{""below_days_min"": 60, ""long_ma"": 180, ""ma5_rising_min"": 10, ""mid_ma"": 120, ""price_top_buffer"": 1.03, ""short_ma"": 8}"
ma_base_breakout,strict_120_180,formula_exit_or_15,15,5201,771,0.289235,0.003655,-0.035155,0.103964,0.014267,0.010376,30.777863,70.123399,vwap_tradable_v1,"{""below_days_min"": 60, ""long_ma"": 180, ""ma5_rising_min"": 10, ""mid_ma"": 120, ""price_top_buffer"": 1.03, ""short_ma"": 8}"
ma_base_breakout,strict_120_180,formula_exit_or_10,10,5201,772,0.326425,0.001772,-0.034295,0.051663,0.014249,0.011658,30.677874,70.122990,vwap_tradable_v1,"{""below_days_min"": 60, ""long_ma"": 180, ""ma5_rising_min"": 10, ""mid_ma"": 120, ""price_top_buffer"": 1.03, ""short_ma"": 8}"
ma_base_breakout,early_60_120,fixed_10,10,5201,247,0.408907,-0.003186,-0.077306,-0.041210,0.016194,0.004049,30.265810,30.203378,vwap_tradable_v1,"{""below_days_min"": 30, ""breakout_recent_days"": 5, ""long_ma"": 120, ""ma5_rising_min"": 5, ""mid_ma"": 60, ""short_ma"": 3}"
ma_base_breakout,strict_120_180,fixed_5,5,5201,770,0.406494,-0.004270,-0.047005,-0.090847,0.014286,0.003896,29.423621,70.120316,vwap_tradable_v1,"{""below_days_min"": 60, ""long_ma"": 180, ""ma5_rising_min"": 10, ""mid_ma"": 120, ""price_top_buffer"": 1.03, ""short_ma"": 8}"
ma_base_breakout,strict_120_180,formula_exit_or_60,60,5201,771,0.211414,-0.001023,-0.037065,-0.027589,0.014267,0.015564,25.394870,70.124491,vwap_tradable_v1,"{""below_days_min"": 60, ""long_ma"": 180, ""ma5_rising_min"": 10, ""mid_ma"": 120, ""price_top_buffer"": 1.03, ""short_ma"": 8}"
ma_base_breakout,classic_90_145,fixed_60,60,5201,1208,0.407285,-0.016545,-0.171304,-0.096582,0.037252,0.001656,23.074084,30.595475,vwap_tradable_v1,"{""below_days_min"": 45, ""long_ma"": 145, ""ma5_rising_min"": 7, ""mid_ma"": 90, ""short_ma"": 5}"
ma_base_breakout,default,fixed_60,60,5201,1208,0.407285,-0.016545,-0.171304,-0.096582,0.037252,0.001656,23.074084,40.591906,vwap_tradable_v1,{}
ma_base_breakout,classic_90_145,formula_exit_or_5,5,5201,1262,0.295563,-0.008803,-0.044095,-0.199646,0.036450,0.015055,22.951847,30.596036,vwap_tradable_v1,"{""below_days_min"": 45, ""long_ma"": 145, ""ma5_rising_min"": 7, ""mid_ma"": 90, ""short_ma"": 5}"
ma_base_breakout,default,formula_exit_or_5,5,5201,1262,0.295563,-0.008803,-0.044095,-0.199646,0.036450,0.015055,22.951847,40.592609,vwap_tradable_v1,{}
ma_base_breakout,early_60_120,fixed_5,5,5201,249,0.377510,-0.015677,-0.063561,-0.246646,0.016064,0.000000,22.092872,30.203235,vwap_tradable_v1,"{""below_days_min"": 30, ""breakout_recent_days"": 5, ""long_ma"": 120, ""ma5_rising_min"": 5, ""mid_ma"": 60, ""short_ma"": 3}"
ma_base_breakout,classic_90_145,formula_exit_or_10,10,5201,1251,0.255795,-0.009525,-0.046387,-0.205328,0.036771,0.015188,21.365329,30.596583,vwap_tradable_v1,"{""below_days_min"": 45, ""long_ma"": 145, ""ma5_rising_min"": 7, ""mid_ma"": 90, ""short_ma"": 5}"
ma_base_breakout,default,formula_exit_or_10,10,5201,1251,0.255795,-0.009525,-0.046387,-0.205328,0.036771,0.015188,21.365329,40.593232,vwap_tradable_v1,{}
ma_base_breakout,early_60_120,formula_exit_or_5,5,5201,249,0.281124,-0.012973,-0.047363,-0.273914,0.016064,0.008032,20.336456,30.203951,vwap_tradable_v1,"{""below_days_min"": 30, ""breakout_recent_days"": 5, ""long_ma"": 120, ""ma5_rising_min"": 5, ""mid_ma"": 60, ""short_ma"": 3}"
ma_base_breakout,classic_90_145,fixed_5,5,5201,1259,0.351867,-0.016929,-0.061200,-0.276615,0.036537,0.003971,20.303421,30.592785,vwap_tradable_v1,"{""below_days_min"": 45, ""long_ma"": 145, ""ma5_rising_min"": 7, ""mid_ma"": 90, ""short_ma"": 5}"
ma_base_breakout,default,fixed_5,5,5201,1259,0.351867,-0.016929,-0.061200,-0.276615,0.036537,0.003971,20.303421,40.588796,vwap_tradable_v1,{}
ma_base_breakout,classic_90_145,formula_exit_or_15,15,5201,1247,0.234162,-0.010846,-0.047499,-0.228349,0.036889,0.016038,19.930668,30.597113,vwap_tradable_v1,"{""below_days_min"": 45, ""long_ma"": 145, ""ma5_rising_min"": 7, ""mid_ma"": 90, ""short_ma"": 5}"
ma_base_breakout,default,formula_exit_or_15,15,5201,1247,0.234162,-0.010846,-0.047499,-0.228349,0.036889,0.016038,19.930668,40.593813,vwap_tradable_v1,{}
ma_base_breakout,classic_90_145,fixed_10,10,5201,1234,0.362237,-0.019311,-0.079097,-0.244147,0.037277,0.001621,19.601793,30.593346,vwap_tradable_v1,"{""below_days_min"": 45, ""long_ma"": 145, ""ma5_rising_min"": 7, ""mid_ma"": 90, ""short_ma"": 5}"
ma_base_breakout,default,fixed_10,10,5201,1234,0.362237,-0.019311,-0.079097,-0.244147,0.037277,0.001621,19.601793,40.589590,vwap_tradable_v1,{}
ma_base_breakout,classic_90_145,formula_exit_or_20,20,5201,1246,0.228732,-0.011206,-0.047983,-0.233544,0.036918,0.017657,19.545404,30.597621,vwap_tradable_v1,"{""below_days_min"": 45, ""long_ma"": 145, ""ma5_rising_min"": 7, ""mid_ma"": 90, ""short_ma"": 5}"
ma_base_breakout,default,formula_exit_or_20,20,5201,1246,0.228732,-0.011206,-0.047983,-0.233544,0.036918,0.017657,19.545404,40.594416,vwap_tradable_v1,{}
ma_base_breakout,classic_90_145,fixed_30,30,5201,1213,0.349547,-0.021203,-0.125703,-0.168678,0.037098,0.003298,18.637360,30.594963,vwap_tradable_v1,"{""below_days_min"": 45, ""long_ma"": 145, ""ma5_rising_min"": 7, ""mid_ma"": 90, ""short_ma"": 5}"
ma_base_breakout,default,fixed_30,30,5201,1213,0.349547,-0.021203,-0.125703,-0.168678,0.037098,0.003298,18.637360,40.591366,vwap_tradable_v1,{}
ma_base_breakout,classic_90_145,formula_exit_or_30,30,5201,1242,0.202093,-0.013125,-0.048880,-0.268511,0.036232,0.016908,17.626487,30.598123,vwap_tradable_v1,"{""below_days_min"": 45, ""long_ma"": 145, ""ma5_rising_min"": 7, ""mid_ma"": 90, ""short_ma"": 5}"
ma_base_breakout,default,formula_exit_or_30,30,5201,1242,0.202093,-0.013125,-0.048880,-0.268511,0.036232,0.016908,17.626487,40.594969,vwap_tradable_v1,{}
ma_base_breakout,early_60_120,formula_exit_or_10,10,5201,247,0.234818,-0.015484,-0.050203,-0.308433,0.016194,0.008097,17.517349,30.204063,vwap_tradable_v1,"{""below_days_min"": 30, ""breakout_recent_days"": 5, ""long_ma"": 120, ""ma5_rising_min"": 5, ""mid_ma"": 60, ""short_ma"": 3}"
ma_base_breakout,classic_90_145,fixed_15,15,5201,1226,0.362969,-0.024042,-0.094707,-0.253858,0.037520,0.005710,17.166438,30.593894,vwap_tradable_v1,"{""below_days_min"": 45, ""long_ma"": 145, ""ma5_rising_min"": 7, ""mid_ma"": 90, ""short_ma"": 5}"
ma_base_breakout,default,fixed_15,15,5201,1226,0.362969,-0.024042,-0.094707,-0.253858,0.037520,0.005710,17.166438,40.590240,vwap_tradable_v1,{}
ma_base_breakout,early_60_120,formula_exit_or_15,15,5201,245,0.200000,-0.015483,-0.050821,-0.304656,0.016327,0.008163,16.490394,30.204172,vwap_tradable_v1,"{""below_days_min"": 30, ""breakout_recent_days"": 5, ""long_ma"": 120, ""ma5_rising_min"": 5, ""mid_ma"": 60, ""short_ma"": 3}"
ma_base_breakout,early_60_120,formula_exit_or_20,20,5201,245,0.200000,-0.015608,-0.050923,-0.306504,0.016327,0.008163,16.418502,30.204279,vwap_tradable_v1,"{""below_days_min"": 30, ""breakout_recent_days"": 5, ""long_ma"": 120, ""ma5_rising_min"": 5, ""mid_ma"": 60, ""short_ma"": 3}"
ma_base_breakout,classic_90_145,formula_exit_or_60,60,5201,1241,0.177276,-0.014942,-0.049682,-0.300761,0.036261,0.019339,15.787289,30.598623,vwap_tradable_v1,"{""below_days_min"": 45, ""long_ma"": 145, ""ma5_rising_min"": 7, ""mid_ma"": 90, ""short_ma"": 5}"
ma_base_breakout,default,formula_exit_or_60,60,5201,1241,0.177276,-0.014942,-0.049682,-0.300761,0.036261,0.019339,15.787289,40.595526,vwap_tradable_v1,{}
ma_base_breakout,classic_90_145,fixed_20,20,5201,1221,0.344799,-0.026241,-0.107499,-0.244108,0.037674,0.001638,15.609601,30.594431,vwap_tradable_v1,"{""below_days_min"": 45, ""long_ma"": 145, ""ma5_rising_min"": 7, ""mid_ma"": 90, ""short_ma"": 5}"
ma_base_breakout,default,fixed_20,20,5201,1221,0.344799,-0.026241,-0.107499,-0.244108,0.037674,0.001638,15.609601,40.590812,vwap_tradable_v1,{}
ma_base_breakout,strict_120_180,fixed_60,60,5201,762,0.384514,-0.032040,-0.155975,-0.205419,0.014436,0.001312,14.330714,70.122170,vwap_tradable_v1,"{""below_days_min"": 60, ""long_ma"": 180, ""ma5_rising_min"": 10, ""mid_ma"": 120, ""price_top_buffer"": 1.03, ""short_ma"": 8}"
ma_base_breakout,early_60_120,formula_exit_or_30,30,5201,243,0.172840,-0.017814,-0.051547,-0.345591,0.016461,0.008230,14.303322,30.204383,vwap_tradable_v1,"{""below_days_min"": 30, ""breakout_recent_days"": 5, ""long_ma"": 120, ""ma5_rising_min"": 5, ""mid_ma"": 60, ""short_ma"": 3}"
ma_base_breakout,early_60_120,formula_exit_or_60,60,5201,243,0.152263,-0.022381,-0.052233,-0.428490,0.016461,0.012346,10.946643,30.204489,vwap_tradable_v1,"{""below_days_min"": 30, ""breakout_recent_days"": 5, ""long_ma"": 120, ""ma5_rising_min"": 5, ""mid_ma"": 60, ""short_ma"": 3}"
volume_base_breakout,case_301511_cooldown,fixed_60,60,5201,79783,0.452302,0.021790,-0.138572,0.157244,0.016319,0.002331,45.063558,116.047407,vwap_tradable_v1,"{""amount_spike_ratio"": 2.2, ""base_ceiling"": 1.45, ""base_floor"": 0.78, ""base_max_days"": 75, ""base_min_days"": 25, ""base_range_max"": 0.4, ""breakout_max_extension"": 1.1, ""breakout_near_high"": 0.92, ""dry_ratio"": 0.5, ""signal_cooldown_days"": 10, ""spike_lookback"": 90, ""spike_ratio"": 2.2, ""warm_ret_max"": 0.28, ""warm_ret_min"": 0.0, ""warm_vol_ratio"": 0.8}"
volume_base_breakout,case_301511_broad,fixed_60,60,5201,122872,0.448727,0.019810,-0.139200,0.142310,0.014942,0.002279,43.905932,146.426479,vwap_tradable_v1,"{""amount_spike_ratio"": 2.2, ""base_ceiling"": 1.45, ""base_floor"": 0.78, ""base_max_days"": 75, ""base_min_days"": 25, ""base_range_max"": 0.4, ""breakout_max_extension"": 1.1, ""breakout_near_high"": 0.92, ""dry_ratio"": 0.5, ""spike_lookback"": 90, ""spike_ratio"": 2.2, ""warm_ret_max"": 0.28, ""warm_ret_min"": 0.0, ""warm_vol_ratio"": 0.8}"
volume_base_breakout,default_broad,fixed_60,60,5201,176565,0.442234,0.018352,-0.147251,0.124633,0.012375,0.002396,42.918617,156.459683,vwap_tradable_v1,{}
volume_base_breakout,strict_two_month_box,fixed_60,60,5201,14501,0.431350,0.017406,-0.137874,0.126242,0.026136,0.002000,41.993108,68.527973,vwap_tradable_v1,"{""amount_spike_ratio"": 3.0, ""base_ceiling"": 1.25, ""base_floor"": 0.85, ""base_max_days"": 90, ""base_min_days"": 35, ""base_range_max"": 0.3, ""breakout_max_extension"": 1.06, ""breakout_near_high"": 0.97, ""dry_ratio"": 0.4, ""signal_cooldown_days"": 15, ""spike_lookback"": 90, ""spike_ratio"": 3.0, ""warm_ret_max"": 0.2, ""warm_ret_min"": 0.01, ""warm_vol_ratio"": 1.0}"
volume_base_breakout,long_quiet_box,fixed_60,60,5201,24319,0.439492,0.013984,-0.134698,0.103820,0.021794,0.002262,40.455504,45.698700,vwap_tradable_v1,"{""amount_spike_ratio"": 2.5, ""base_ceiling"": 1.3, ""base_floor"": 0.82, ""base_max_days"": 110, ""base_min_days"": 45, ""base_range_max"": 0.32, ""breakout_near_high"": 0.95, ""dry_ratio"": 0.45, ""signal_cooldown_days"": 15, ""spike_lookback"": 120, ""spike_ratio"": 2.5, ""warm_ret_max"": 0.22, ""warm_ret_min"": 0.0, ""warm_vol_ratio"": 0.9}"
volume_base_breakout,case_301511_cooldown,fixed_30,30,5201,82325,0.445333,0.008512,-0.098743,0.086207,0.016411,0.002527,37.857834,115.927531,vwap_tradable_v1,"{""amount_spike_ratio"": 2.2, ""base_ceiling"": 1.45, ""base_floor"": 0.78, ""base_max_days"": 75, ""base_min_days"": 25, ""base_range_max"": 0.4, ""breakout_max_extension"": 1.1, ""breakout_near_high"": 0.92, ""dry_ratio"": 0.5, ""signal_cooldown_days"": 10, ""spike_lookback"": 90, ""spike_ratio"": 2.2, ""warm_ret_max"": 0.28, ""warm_ret_min"": 0.0, ""warm_vol_ratio"": 0.8}"
volume_base_breakout,default_broad,fixed_30,30,5201,181489,0.443762,0.007836,-0.104733,0.074819,0.012408,0.002909,37.451805,156.179821,vwap_tradable_v1,{}
volume_base_breakout,case_301511_cooldown,fixed_20,20,5201,82907,0.467186,0.006236,-0.080971,0.077009,0.016464,0.002666,37.327093,115.802652,vwap_tradable_v1,"{""amount_spike_ratio"": 2.2, ""base_ceiling"": 1.45, ""base_floor"": 0.78, ""base_max_days"": 75, ""base_min_days"": 25, ""base_range_max"": 0.4, ""breakout_max_extension"": 1.1, ""breakout_near_high"": 0.92, ""dry_ratio"": 0.5, ""signal_cooldown_days"": 10, ""spike_lookback"": 90, ""spike_ratio"": 2.2, ""warm_ret_max"": 0.28, ""warm_ret_min"": 0.0, ""warm_vol_ratio"": 0.8}"
volume_base_breakout,case_301511_broad,fixed_30,30,5201,126808,0.442393,0.007016,-0.098503,0.071222,0.015015,0.002563,36.959899,146.230452,vwap_tradable_v1,"{""amount_spike_ratio"": 2.2, ""base_ceiling"": 1.45, ""base_floor"": 0.78, ""base_max_days"": 75, ""base_min_days"": 25, ""base_range_max"": 0.4, ""breakout_max_extension"": 1.1, ""breakout_near_high"": 0.92, ""dry_ratio"": 0.5, ""spike_lookback"": 90, ""spike_ratio"": 2.2, ""warm_ret_max"": 0.28, ""warm_ret_min"": 0.0, ""warm_vol_ratio"": 0.8}"
volume_base_breakout,case_301511_broad,fixed_20,20,5201,127630,0.462454,0.004528,-0.080841,0.056012,0.015075,0.002680,36.240179,146.015219,vwap_tradable_v1,"{""amount_spike_ratio"": 2.2, ""base_ceiling"": 1.45, ""base_floor"": 0.78, ""base_max_days"": 75, ""base_min_days"": 25, ""base_range_max"": 0.4, ""breakout_max_extension"": 1.1, ""breakout_near_high"": 0.92, ""dry_ratio"": 0.5, ""spike_lookback"": 90, ""spike_ratio"": 2.2, ""warm_ret_max"": 0.28, ""warm_ret_min"": 0.0, ""warm_vol_ratio"": 0.8}"
volume_base_breakout,case_301511_cooldown,fixed_15,15,5201,83349,0.467600,0.003948,-0.070917,0.055665,0.016449,0.002508,36.090542,115.675163,vwap_tradable_v1,"{""amount_spike_ratio"": 2.2, ""base_ceiling"": 1.45, ""base_floor"": 0.78, ""base_max_days"": 75, ""base_min_days"": 25, ""base_range_max"": 0.4, ""breakout_max_extension"": 1.1, ""breakout_near_high"": 0.92, ""dry_ratio"": 0.5, ""signal_cooldown_days"": 10, ""spike_lookback"": 90, ""spike_ratio"": 2.2, ""warm_ret_max"": 0.28, ""warm_ret_min"": 0.0, ""warm_vol_ratio"": 0.8}"
volume_base_breakout,default_broad,fixed_15,15,5201,183520,0.462832,0.003812,-0.074239,0.051353,0.012380,0.002719,35.896956,155.587224,vwap_tradable_v1,{}
volume_base_breakout,default_broad,fixed_10,10,5201,184306,0.467098,0.003115,-0.060516,0.051476,0.012365,0.002952,35.674717,155.306639,vwap_tradable_v1,{}
volume_base_breakout,case_301511_cooldown,formula_exit_or_30,30,5201,83540,0.326993,0.009690,-0.041224,0.235066,0.016411,0.014257,35.523555,116.579936,vwap_tradable_v1,"{""amount_spike_ratio"": 2.2, ""base_ceiling"": 1.45, ""base_floor"": 0.78, ""base_max_days"": 75, ""base_min_days"": 25, ""base_range_max"": 0.4, ""breakout_max_extension"": 1.1, ""breakout_near_high"": 0.92, ""dry_ratio"": 0.5, ""signal_cooldown_days"": 10, ""spike_lookback"": 90, ""spike_ratio"": 2.2, ""warm_ret_max"": 0.28, ""warm_ret_min"": 0.0, ""warm_vol_ratio"": 0.8}"
volume_base_breakout,case_301511_broad,fixed_15,15,5201,128268,0.466157,0.002976,-0.070577,0.042160,0.015070,0.002526,35.507320,145.801817,vwap_tradable_v1,"{""amount_spike_ratio"": 2.2, ""base_ceiling"": 1.45, ""base_floor"": 0.78, ""base_max_days"": 75, ""base_min_days"": 25, ""base_range_max"": 0.4, ""breakout_max_extension"": 1.1, ""breakout_near_high"": 0.92, ""dry_ratio"": 0.5, ""spike_lookback"": 90, ""spike_ratio"": 2.2, ""warm_ret_max"": 0.28, ""warm_ret_min"": 0.0, ""warm_vol_ratio"": 0.8}"
volume_base_breakout,default_broad,fixed_5,5,5201,185536,0.471693,0.002358,-0.043749,0.053907,0.012397,0.003180,35.443730,155.009232,vwap_tradable_v1,{}
volume_base_breakout,default_broad,fixed_20,20,5201,182561,0.452588,0.003460,-0.085807,0.040321,0.012412,0.004179,35.343260,155.883654,vwap_tradable_v1,{}
volume_base_breakout,default_broad,formula_exit_or_5,5,5201,185724,0.414104,0.004806,-0.034530,0.139171,0.012384,0.007678,35.321124,156.749589,vwap_tradable_v1,{}
volume_base_breakout,case_301511_cooldown,formula_exit_or_60,60,5201,83510,0.326608,0.009252,-0.041220,0.224467,0.016417,0.015100,35.231608,116.672096,vwap_tradable_v1,"{""amount_spike_ratio"": 2.2, ""base_ceiling"": 1.45, ""base_floor"": 0.78, ""base_max_days"": 75, ""base_min_days"": 25, ""base_range_max"": 0.4, ""breakout_max_extension"": 1.1, ""breakout_near_high"": 0.92, ""dry_ratio"": 0.5, ""signal_cooldown_days"": 10, ""spike_lookback"": 90, ""spike_ratio"": 2.2, ""warm_ret_max"": 0.28, ""warm_ret_min"": 0.0, ""warm_vol_ratio"": 0.8}"
volume_base_breakout,case_301511_cooldown,fixed_10,10,5201,83749,0.467385,0.002380,-0.058096,0.040965,0.016394,0.002854,35.223826,115.546011,vwap_tradable_v1,"{""amount_spike_ratio"": 2.2, ""base_ceiling"": 1.45, ""base_floor"": 0.78, ""base_max_days"": 75, ""base_min_days"": 25, ""base_range_max"": 0.4, ""breakout_max_extension"": 1.1, ""breakout_near_high"": 0.92, ""dry_ratio"": 0.5, ""signal_cooldown_days"": 10, ""spike_lookback"": 90, ""spike_ratio"": 2.2, ""warm_ret_max"": 0.28, ""warm_ret_min"": 0.0, ""warm_vol_ratio"": 0.8}"
volume_base_breakout,case_301511_cooldown,formula_exit_or_20,20,5201,83687,0.330374,0.008761,-0.041147,0.212920,0.016418,0.013240,35.059800,116.480506,vwap_tradable_v1,"{""amount_spike_ratio"": 2.2, ""base_ceiling"": 1.45, ""base_floor"": 0.78, ""base_max_days"": 75, ""base_min_days"": 25, ""base_range_max"": 0.4, ""breakout_max_extension"": 1.1, ""breakout_near_high"": 0.92, ""dry_ratio"": 0.5, ""signal_cooldown_days"": 10, ""spike_lookback"": 90, ""spike_ratio"": 2.2, ""warm_ret_max"": 0.28, ""warm_ret_min"": 0.0, ""warm_vol_ratio"": 0.8}"
volume_base_breakout,case_301511_broad,fixed_10,10,5201,128917,0.466750,0.001880,-0.057746,0.032549,0.015017,0.002692,34.927944,145.593617,vwap_tradable_v1,"{""amount_spike_ratio"": 2.2, ""base_ceiling"": 1.45, ""base_floor"": 0.78, ""base_max_days"": 75, ""base_min_days"": 25, ""base_range_max"": 0.4, ""breakout_max_extension"": 1.1, ""breakout_near_high"": 0.92, ""dry_ratio"": 0.5, ""spike_lookback"": 90, ""spike_ratio"": 2.2, ""warm_ret_max"": 0.28, ""warm_ret_min"": 0.0, ""warm_vol_ratio"": 0.8}"
volume_base_breakout,case_301511_broad,formula_exit_or_30,30,5201,128621,0.323446,0.008690,-0.040123,0.216592,0.015021,0.013932,34.841995,147.341136,vwap_tradable_v1,"{""amount_spike_ratio"": 2.2, ""base_ceiling"": 1.45, ""base_floor"": 0.78, ""base_max_days"": 75, ""base_min_days"": 25, ""base_range_max"": 0.4, ""breakout_max_extension"": 1.1, ""breakout_near_high"": 0.92, ""dry_ratio"": 0.5, ""spike_lookback"": 90, ""spike_ratio"": 2.2, ""warm_ret_max"": 0.28, ""warm_ret_min"": 0.0, ""warm_vol_ratio"": 0.8}"
volume_base_breakout,case_301511_cooldown,formula_exit_or_15,15,5201,83832,0.342053,0.007619,-0.040997,0.185850,0.016414,0.011917,34.717207,116.374448,vwap_tradable_v1,"{""amount_spike_ratio"": 2.2, ""base_ceiling"": 1.45, ""base_floor"": 0.78, ""base_max_days"": 75, ""base_min_days"": 25, ""base_range_max"": 0.4, ""breakout_max_extension"": 1.1, ""breakout_near_high"": 0.92, ""dry_ratio"": 0.5, ""signal_cooldown_days"": 10, ""spike_lookback"": 90, ""spike_ratio"": 2.2, ""warm_ret_max"": 0.28, ""warm_ret_min"": 0.0, ""warm_vol_ratio"": 0.8}"
volume_base_breakout,long_quiet_box,formula_exit_or_30,30,5201,25548,0.329967,0.008175,-0.041845,0.195373,0.021841,0.011429,34.630880,45.817284,vwap_tradable_v1,"{""amount_spike_ratio"": 2.5, ""base_ceiling"": 1.3, ""base_floor"": 0.82, ""base_max_days"": 110, ""base_min_days"": 45, ""base_range_max"": 0.32, ""breakout_near_high"": 0.95, ""dry_ratio"": 0.45, ""signal_cooldown_days"": 15, ""spike_lookback"": 120, ""spike_ratio"": 2.5, ""warm_ret_max"": 0.22, ""warm_ret_min"": 0.0, ""warm_vol_ratio"": 0.9}"
volume_base_breakout,long_quiet_box,fixed_30,30,5201,25190,0.428662,0.003530,-0.094982,0.037163,0.021913,0.002263,34.568810,45.671670,vwap_tradable_v1,"{""amount_spike_ratio"": 2.5, ""base_ceiling"": 1.3, ""base_floor"": 0.82, ""base_max_days"": 110, ""base_min_days"": 45, ""base_range_max"": 0.32, ""breakout_near_high"": 0.95, ""dry_ratio"": 0.45, ""signal_cooldown_days"": 15, ""spike_lookback"": 120, ""spike_ratio"": 2.5, ""warm_ret_max"": 0.22, ""warm_ret_min"": 0.0, ""warm_vol_ratio"": 0.9}"
volume_base_breakout,case_301511_broad,formula_exit_or_60,60,5201,128583,0.323130,0.008255,-0.040122,0.205753,0.015025,0.014644,34.553611,147.522457,vwap_tradable_v1,"{""amount_spike_ratio"": 2.2, ""base_ceiling"": 1.45, ""base_floor"": 0.78, ""base_max_days"": 75, ""base_min_days"": 25, ""base_range_max"": 0.4, ""breakout_max_extension"": 1.1, ""breakout_near_high"": 0.92, ""dry_ratio"": 0.5, ""spike_lookback"": 90, ""spike_ratio"": 2.2, ""warm_ret_max"": 0.28, ""warm_ret_min"": 0.0, ""warm_vol_ratio"": 0.8}"
volume_base_breakout,strict_two_month_box,formula_exit_or_30,30,5201,15178,0.328370,0.008342,-0.047326,0.176259,0.025827,0.012386,34.521082,68.594678,vwap_tradable_v1,"{""amount_spike_ratio"": 3.0, ""base_ceiling"": 1.25, ""base_floor"": 0.85, ""base_max_days"": 90, ""base_min_days"": 35, ""base_range_max"": 0.3, ""breakout_max_extension"": 1.06, ""breakout_near_high"": 0.97, ""dry_ratio"": 0.4, ""signal_cooldown_days"": 15, ""spike_lookback"": 90, ""spike_ratio"": 3.0, ""warm_ret_max"": 0.2, ""warm_ret_min"": 0.01, ""warm_vol_ratio"": 1.0}"
volume_base_breakout,strict_two_month_box,formula_exit_or_60,60,5201,15177,0.328260,0.008212,-0.047326,0.173527,0.025829,0.013046,34.432868,68.606217,vwap_tradable_v1,"{""amount_spike_ratio"": 3.0, ""base_ceiling"": 1.25, ""base_floor"": 0.85, ""base_max_days"": 90, ""base_min_days"": 35, ""base_range_max"": 0.3, ""breakout_max_extension"": 1.06, ""breakout_near_high"": 0.97, ""dry_ratio"": 0.4, ""signal_cooldown_days"": 15, ""spike_lookback"": 90, ""spike_ratio"": 3.0, ""warm_ret_max"": 0.2, ""warm_ret_min"": 0.01, ""warm_vol_ratio"": 1.0}"
volume_base_breakout,case_301511_cooldown,formula_exit_or_10,10,5201,84037,0.373907,0.005572,-0.040059,0.139087,0.016386,0.010198,34.432618,116.264585,vwap_tradable_v1,"{""amount_spike_ratio"": 2.2, ""base_ceiling"": 1.45, ""base_floor"": 0.78, ""base_max_days"": 75, ""base_min_days"": 25, ""base_range_max"": 0.4, ""breakout_max_extension"": 1.1, ""breakout_near_high"": 0.92, ""dry_ratio"": 0.5, ""signal_cooldown_days"": 10, ""spike_lookback"": 90, ""spike_ratio"": 2.2, ""warm_ret_max"": 0.28, ""warm_ret_min"": 0.0, ""warm_vol_ratio"": 0.8}"
volume_base_breakout,long_quiet_box,formula_exit_or_60,60,5201,25544,0.329823,0.007832,-0.041844,0.187178,0.021845,0.011744,34.410832,45.841464,vwap_tradable_v1,"{""amount_spike_ratio"": 2.5, ""base_ceiling"": 1.3, ""base_floor"": 0.82, ""base_max_days"": 110, ""base_min_days"": 45, ""base_range_max"": 0.32, ""breakout_near_high"": 0.95, ""dry_ratio"": 0.45, ""signal_cooldown_days"": 15, ""spike_lookback"": 120, ""spike_ratio"": 2.5, ""warm_ret_max"": 0.22, ""warm_ret_min"": 0.0, ""warm_vol_ratio"": 0.9}"
volume_base_breakout,case_301511_broad,formula_exit_or_20,20,5201,128816,0.326427,0.007831,-0.040047,0.195536,0.015029,0.012879,34.406694,147.166638,vwap_tradable_v1,"{""amount_spike_ratio"": 2.2, ""base_ceiling"": 1.45, ""base_floor"": 0.78, ""base_max_days"": 75, ""base_min_days"": 25, ""base_range_max"": 0.4, ""breakout_max_extension"": 1.1, ""breakout_near_high"": 0.92, ""dry_ratio"": 0.5, ""spike_lookback"": 90, ""spike_ratio"": 2.2, ""warm_ret_max"": 0.28, ""warm_ret_min"": 0.0, ""warm_vol_ratio"": 0.8}"
volume_base_breakout,default_broad,formula_exit_or_30,30,5201,184382,0.317054,0.007949,-0.038698,0.205421,0.012349,0.015186,34.238073,157.864951,vwap_tradable_v1,{}
volume_base_breakout,long_quiet_box,formula_exit_or_20,20,5201,25594,0.334571,0.007290,-0.041797,0.174412,0.021841,0.010393,34.231758,45.793609,vwap_tradable_v1,"{""amount_spike_ratio"": 2.5, ""base_ceiling"": 1.3, ""base_floor"": 0.82, ""base_max_days"": 110, ""base_min_days"": 45, ""base_range_max"": 0.32, ""breakout_near_high"": 0.95, ""dry_ratio"": 0.45, ""signal_cooldown_days"": 15, ""spike_lookback"": 120, ""spike_ratio"": 2.5, ""warm_ret_max"": 0.22, ""warm_ret_min"": 0.0, ""warm_vol_ratio"": 0.9}"
volume_base_breakout,case_301511_broad,formula_exit_or_15,15,5201,129029,0.336979,0.006982,-0.039918,0.174912,0.015028,0.011742,34.207331,146.979494,vwap_tradable_v1,"{""amount_spike_ratio"": 2.2, ""base_ceiling"": 1.45, ""base_floor"": 0.78, ""base_max_days"": 75, ""base_min_days"": 25, ""base_range_max"": 0.4, ""breakout_max_extension"": 1.1, ""breakout_near_high"": 0.92, ""dry_ratio"": 0.5, ""spike_lookback"": 90, ""spike_ratio"": 2.2, ""warm_ret_max"": 0.28, ""warm_ret_min"": 0.0, ""warm_vol_ratio"": 0.8}"
volume_base_breakout,case_301511_broad,formula_exit_or_10,10,5201,129357,0.369713,0.005292,-0.039068,0.135459,0.014997,0.010034,34.164418,146.803970,vwap_tradable_v1,"{""amount_spike_ratio"": 2.2, ""base_ceiling"": 1.45, ""base_floor"": 0.78, ""base_max_days"": 75, ""base_min_days"": 25, ""base_range_max"": 0.4, ""breakout_max_extension"": 1.1, ""breakout_near_high"": 0.92, ""dry_ratio"": 0.5, ""spike_lookback"": 90, ""spike_ratio"": 2.2, ""warm_ret_max"": 0.28, ""warm_ret_min"": 0.0, ""warm_vol_ratio"": 0.8}"
volume_base_breakout,strict_two_month_box,formula_exit_or_20,20,5201,15196,0.333048,0.007429,-0.047255,0.157207,0.025796,0.010924,34.124666,68.582643,vwap_tradable_v1,"{""amount_spike_ratio"": 3.0, ""base_ceiling"": 1.25, ""base_floor"": 0.85, ""base_max_days"": 90, ""base_min_days"": 35, ""base_range_max"": 0.3, ""breakout_max_extension"": 1.06, ""breakout_near_high"": 0.97, ""dry_ratio"": 0.4, ""signal_cooldown_days"": 15, ""spike_lookback"": 90, ""spike_ratio"": 3.0, ""warm_ret_max"": 0.2, ""warm_ret_min"": 0.01, ""warm_vol_ratio"": 1.0}"
volume_base_breakout,case_301511_broad,formula_exit_or_5,5,5201,129775,0.418147,0.002793,-0.035127,0.079498,0.015034,0.007074,34.117093,146.611428,vwap_tradable_v1,"{""amount_spike_ratio"": 2.2, ""base_ceiling"": 1.45, ""base_floor"": 0.78, ""base_max_days"": 75, ""base_min_days"": 25, ""base_range_max"": 0.4, ""breakout_max_extension"": 1.1, ""breakout_near_high"": 0.92, ""dry_ratio"": 0.5, ""spike_lookback"": 90, ""spike_ratio"": 2.2, ""warm_ret_max"": 0.28, ""warm_ret_min"": 0.0, ""warm_vol_ratio"": 0.8}"
volume_base_breakout,case_301511_broad,fixed_5,5,5201,129676,0.464064,0.000604,-0.042291,0.014291,0.015045,0.002984,34.115289,145.373385,vwap_tradable_v1,"{""amount_spike_ratio"": 2.2, ""base_ceiling"": 1.45, ""base_floor"": 0.78, ""base_max_days"": 75, ""base_min_days"": 25, ""base_range_max"": 0.4, ""breakout_max_extension"": 1.1, ""breakout_near_high"": 0.92, ""dry_ratio"": 0.5, ""spike_lookback"": 90, ""spike_ratio"": 2.2, ""warm_ret_max"": 0.28, ""warm_ret_min"": 0.0, ""warm_vol_ratio"": 0.8}"
volume_base_breakout,default_broad,formula_exit_or_10,10,5201,185171,0.354435,0.005877,-0.037850,0.155260,0.012335,0.011125,34.113056,157.040317,vwap_tradable_v1,{}
volume_base_breakout,case_301511_cooldown,fixed_5,5,5201,84271,0.462033,0.000712,-0.043035,0.016550,0.016411,0.003168,34.104053,115.417762,vwap_tradable_v1,"{""amount_spike_ratio"": 2.2, ""base_ceiling"": 1.45, ""base_floor"": 0.78, ""base_max_days"": 75, ""base_min_days"": 25, ""base_range_max"": 0.4, ""breakout_max_extension"": 1.1, ""breakout_near_high"": 0.92, ""dry_ratio"": 0.5, ""signal_cooldown_days"": 10, ""spike_lookback"": 90, ""spike_ratio"": 2.2, ""warm_ret_max"": 0.28, ""warm_ret_min"": 0.0, ""warm_vol_ratio"": 0.8}"
volume_base_breakout,default_broad,formula_exit_or_15,15,5201,184834,0.326536,0.007199,-0.038516,0.186920,0.012335,0.012893,34.078098,157.322121,vwap_tradable_v1,{}
volume_base_breakout,default_broad,formula_exit_or_60,60,5201,184337,0.316768,0.007701,-0.038708,0.198954,0.012347,0.015879,34.066120,158.122061,vwap_tradable_v1,{}
volume_base_breakout,case_301511_cooldown,formula_exit_or_5,5,5201,84333,0.417523,0.002766,-0.036002,0.076824,0.016399,0.007174,34.056994,116.157892,vwap_tradable_v1,"{""amount_spike_ratio"": 2.2, ""base_ceiling"": 1.45, ""base_floor"": 0.78, ""base_max_days"": 75, ""base_min_days"": 25, ""base_range_max"": 0.4, ""breakout_max_extension"": 1.1, ""breakout_near_high"": 0.92, ""dry_ratio"": 0.5, ""signal_cooldown_days"": 10, ""spike_lookback"": 90, ""spike_ratio"": 2.2, ""warm_ret_max"": 0.28, ""warm_ret_min"": 0.0, ""warm_vol_ratio"": 0.8}"
volume_base_breakout,default_broad,formula_exit_or_20,20,5201,184597,0.319133,0.007312,-0.038648,0.189196,0.012346,0.014182,33.910709,157.594585,vwap_tradable_v1,{}
volume_base_breakout,long_quiet_box,fixed_20,20,5201,25393,0.449218,0.001061,-0.077727,0.013651,0.022014,0.002205,33.833161,45.643361,vwap_tradable_v1,"{""amount_spike_ratio"": 2.5, ""base_ceiling"": 1.3, ""base_floor"": 0.82, ""base_max_days"": 110, ""base_min_days"": 45, ""base_range_max"": 0.32, ""breakout_near_high"": 0.95, ""dry_ratio"": 0.45, ""signal_cooldown_days"": 15, ""spike_lookback"": 120, ""spike_ratio"": 2.5, ""warm_ret_max"": 0.22, ""warm_ret_min"": 0.0, ""warm_vol_ratio"": 0.9}"
volume_base_breakout,long_quiet_box,formula_exit_or_15,15,5201,25641,0.347451,0.005869,-0.041671,0.140845,0.021879,0.009165,33.751936,45.769633,vwap_tradable_v1,"{""amount_spike_ratio"": 2.5, ""base_ceiling"": 1.3, ""base_floor"": 0.82, ""base_max_days"": 110, ""base_min_days"": 45, ""base_range_max"": 0.32, ""breakout_near_high"": 0.95, ""dry_ratio"": 0.45, ""signal_cooldown_days"": 15, ""spike_lookback"": 120, ""spike_ratio"": 2.5, ""warm_ret_max"": 0.22, ""warm_ret_min"": 0.0, ""warm_vol_ratio"": 0.9}"
volume_base_breakout,strict_two_month_box,fixed_30,30,5201,15015,0.416916,0.002658,-0.100831,0.026358,0.025907,0.002264,33.686408,68.515298,vwap_tradable_v1,"{""amount_spike_ratio"": 3.0, ""base_ceiling"": 1.25, ""base_floor"": 0.85, ""base_max_days"": 90, ""base_min_days"": 35, ""base_range_max"": 0.3, ""breakout_max_extension"": 1.06, ""breakout_near_high"": 0.97, ""dry_ratio"": 0.4, ""signal_cooldown_days"": 15, ""spike_lookback"": 90, ""spike_ratio"": 3.0, ""warm_ret_max"": 0.2, ""warm_ret_min"": 0.01, ""warm_vol_ratio"": 1.0}"
volume_base_breakout,strict_two_month_box,formula_exit_or_15,15,5201,15218,0.345906,0.006001,-0.047180,0.127189,0.025825,0.010185,33.653436,68.570293,vwap_tradable_v1,"{""amount_spike_ratio"": 3.0, ""base_ceiling"": 1.25, ""base_floor"": 0.85, ""base_max_days"": 90, ""base_min_days"": 35, ""base_range_max"": 0.3, ""breakout_max_extension"": 1.06, ""breakout_near_high"": 0.97, ""dry_ratio"": 0.4, ""signal_cooldown_days"": 15, ""spike_lookback"": 90, ""spike_ratio"": 3.0, ""warm_ret_max"": 0.2, ""warm_ret_min"": 0.01, ""warm_vol_ratio"": 1.0}"
volume_base_breakout,strict_two_month_box,formula_exit_or_10,10,5201,15243,0.382536,0.003751,-0.045998,0.081556,0.025848,0.008200,33.419079,68.559010,vwap_tradable_v1,"{""amount_spike_ratio"": 3.0, ""base_ceiling"": 1.25, ""base_floor"": 0.85, ""base_max_days"": 90, ""base_min_days"": 35, ""base_range_max"": 0.3, ""breakout_max_extension"": 1.06, ""breakout_near_high"": 0.97, ""dry_ratio"": 0.4, ""signal_cooldown_days"": 15, ""spike_lookback"": 90, ""spike_ratio"": 3.0, ""warm_ret_max"": 0.2, ""warm_ret_min"": 0.01, ""warm_vol_ratio"": 1.0}"
volume_base_breakout,long_quiet_box,formula_exit_or_10,10,5201,25701,0.377300,0.003808,-0.040588,0.093821,0.021906,0.007821,33.394847,45.746002,vwap_tradable_v1,"{""amount_spike_ratio"": 2.5, ""base_ceiling"": 1.3, ""base_floor"": 0.82, ""base_max_days"": 110, ""base_min_days"": 45, ""base_range_max"": 0.32, ""breakout_near_high"": 0.95, ""dry_ratio"": 0.45, ""signal_cooldown_days"": 15, ""spike_lookback"": 120, ""spike_ratio"": 2.5, ""warm_ret_max"": 0.22, ""warm_ret_min"": 0.0, ""warm_vol_ratio"": 0.9}"
volume_base_breakout,long_quiet_box,fixed_10,10,5201,25636,0.450850,0.000186,-0.055051,0.003374,0.021961,0.002340,33.392239,45.580463,vwap_tradable_v1,"{""amount_spike_ratio"": 2.5, ""base_ceiling"": 1.3, ""base_floor"": 0.82, ""base_max_days"": 110, ""base_min_days"": 45, ""base_range_max"": 0.32, ""breakout_near_high"": 0.95, ""dry_ratio"": 0.45, ""signal_cooldown_days"": 15, ""spike_lookback"": 120, ""spike_ratio"": 2.5, ""warm_ret_max"": 0.22, ""warm_ret_min"": 0.0, ""warm_vol_ratio"": 0.9}"
volume_base_breakout,strict_two_month_box,fixed_20,20,5201,15093,0.438548,0.000643,-0.082480,0.007800,0.025972,0.001789,33.239501,68.501637,vwap_tradable_v1,"{""amount_spike_ratio"": 3.0, ""base_ceiling"": 1.25, ""base_floor"": 0.85, ""base_max_days"": 90, ""base_min_days"": 35, ""base_range_max"": 0.3, ""breakout_max_extension"": 1.06, ""breakout_near_high"": 0.97, ""dry_ratio"": 0.4, ""signal_cooldown_days"": 15, ""spike_lookback"": 90, ""spike_ratio"": 3.0, ""warm_ret_max"": 0.2, ""warm_ret_min"": 0.01, ""warm_vol_ratio"": 1.0}"
volume_base_breakout,long_quiet_box,fixed_15,15,5201,25527,0.449563,-0.000185,-0.067798,-0.002735,0.021977,0.002272,33.138012,45.612760,vwap_tradable_v1,"{""amount_spike_ratio"": 2.5, ""base_ceiling"": 1.3, ""base_floor"": 0.82, ""base_max_days"": 110, ""base_min_days"": 45, ""base_range_max"": 0.32, ""breakout_near_high"": 0.95, ""dry_ratio"": 0.45, ""signal_cooldown_days"": 15, ""spike_lookback"": 120, ""spike_ratio"": 2.5, ""warm_ret_max"": 0.22, ""warm_ret_min"": 0.0, ""warm_vol_ratio"": 0.9}"
volume_base_breakout,strict_two_month_box,fixed_15,15,5201,15163,0.437842,0.000168,-0.072188,0.002332,0.025918,0.002638,32.945532,68.488006,vwap_tradable_v1,"{""amount_spike_ratio"": 3.0, ""base_ceiling"": 1.25, ""base_floor"": 0.85, ""base_max_days"": 90, ""base_min_days"": 35, ""base_range_max"": 0.3, ""breakout_max_extension"": 1.06, ""breakout_near_high"": 0.97, ""dry_ratio"": 0.4, ""signal_cooldown_days"": 15, ""spike_lookback"": 90, ""spike_ratio"": 3.0, ""warm_ret_max"": 0.2, ""warm_ret_min"": 0.01, ""warm_vol_ratio"": 1.0}"
volume_base_breakout,strict_two_month_box,fixed_10,10,5201,15215,0.437989,0.000104,-0.059497,0.001743,0.025895,0.002695,32.914312,68.475016,vwap_tradable_v1,"{""amount_spike_ratio"": 3.0, ""base_ceiling"": 1.25, ""base_floor"": 0.85, ""base_max_days"": 90, ""base_min_days"": 35, ""base_range_max"": 0.3, ""breakout_max_extension"": 1.06, ""breakout_near_high"": 0.97, ""dry_ratio"": 0.4, ""signal_cooldown_days"": 15, ""spike_lookback"": 90, ""spike_ratio"": 3.0, ""warm_ret_max"": 0.2, ""warm_ret_min"": 0.01, ""warm_vol_ratio"": 1.0}"
volume_base_breakout,strict_two_month_box,formula_exit_or_5,5,5201,15310,0.419530,0.000996,-0.040439,0.024621,0.025800,0.006662,32.882209,68.543090,vwap_tradable_v1,"{""amount_spike_ratio"": 3.0, ""base_ceiling"": 1.25, ""base_floor"": 0.85, ""base_max_days"": 90, ""base_min_days"": 35, ""base_range_max"": 0.3, ""breakout_max_extension"": 1.06, ""breakout_near_high"": 0.97, ""dry_ratio"": 0.4, ""signal_cooldown_days"": 15, ""spike_lookback"": 90, ""spike_ratio"": 3.0, ""warm_ret_max"": 0.2, ""warm_ret_min"": 0.01, ""warm_vol_ratio"": 1.0}"
volume_base_breakout,long_quiet_box,formula_exit_or_5,5,5201,25813,0.417270,0.000977,-0.035808,0.027293,0.021966,0.006121,32.862357,45.722984,vwap_tradable_v1,"{""amount_spike_ratio"": 2.5, ""base_ceiling"": 1.3, ""base_floor"": 0.82, ""base_max_days"": 110, ""base_min_days"": 45, ""base_range_max"": 0.32, ""breakout_near_high"": 0.95, ""dry_ratio"": 0.45, ""signal_cooldown_days"": 15, ""spike_lookback"": 120, ""spike_ratio"": 2.5, ""warm_ret_max"": 0.22, ""warm_ret_min"": 0.0, ""warm_vol_ratio"": 0.9}"
volume_base_breakout,strict_two_month_box,fixed_5,5,5201,15306,0.440612,-0.000571,-0.044625,-0.012800,0.025807,0.004116,32.569512,68.462084,vwap_tradable_v1,"{""amount_spike_ratio"": 3.0, ""base_ceiling"": 1.25, ""base_floor"": 0.85, ""base_max_days"": 90, ""base_min_days"": 35, ""base_range_max"": 0.3, ""breakout_max_extension"": 1.06, ""breakout_near_high"": 0.97, ""dry_ratio"": 0.4, ""signal_cooldown_days"": 15, ""spike_lookback"": 90, ""spike_ratio"": 3.0, ""warm_ret_max"": 0.2, ""warm_ret_min"": 0.01, ""warm_vol_ratio"": 1.0}"
volume_base_breakout,long_quiet_box,fixed_5,5,5201,25807,0.445964,-0.000971,-0.040761,-0.023832,0.021971,0.003449,32.519856,45.551013,vwap_tradable_v1,"{""amount_spike_ratio"": 2.5, ""base_ceiling"": 1.3, ""base_floor"": 0.82, ""base_max_days"": 110, ""base_min_days"": 45, ""base_range_max"": 0.32, ""breakout_near_high"": 0.95, ""dry_ratio"": 0.45, ""signal_cooldown_days"": 15, ""spike_lookback"": 120, ""spike_ratio"": 2.5, ""warm_ret_max"": 0.22, ""warm_ret_min"": 0.0, ""warm_vol_ratio"": 0.9}"
