profile_id,profile_name,code,name,industry,holding_days,total_n,recent_n,first_buy_date,last_buy_date,all_avg_ret,all_win_rate,all_avg_dd,all_calmar,prior_avg_ret,prior_win_rate,prior_avg_dd,prior_calmar,recent_avg_ret,recent_win_rate,recent_avg_dd,recent_calmar,ret_delta,win_delta,dd_delta,calmar_delta,ret_slope,dd_slope,trimmed_recent_avg_ret,trimmed_recent_win_rate,outlier_share,robust_after_drop_best,effectiveness_score,effectiveness_label,recent_rets,recent_dds
tdx_12_26_9,"通达信参数 · EMA(12,26,9)",600589,大位科技,计算机,5,6,3,2024-01-08,2025-02-07,0.004482190888037955,0.3333333333333333,-0.08604048188615614,0.052093977041743386,-0.08735874517585435,0.0,-0.11388527170238089,-0.7670767595317421,0.09632312695193025,0.6666666666666666,-0.05819569206993138,1.6551590594744143,0.18368187212778458,0.6666666666666666,0.055689579632449505,2.4222358190061564,0.06102354447961596,0.01850530574578755,0.04252390611416988,0.5,0.6008481088311464,True,98.9,增强中,"[-0.0504, 0.2039, 0.1355]","[-0.0714, -0.0588, -0.0443]"
tdx_12_26_9,"通达信参数 · EMA(12,26,9)",688369,致远互联,计算机,5,6,3,2022-04-20,2025-10-30,-0.005812776664492997,0.5,-0.07830882143807118,-0.07422888708764318,-0.05824966933049025,0.3333333333333333,-0.11462384215934264,-0.508181092459938,0.046624116001504255,0.6666666666666666,-0.0419938007167997,1.1102618768882282,0.10487378533199451,0.3333333333333333,0.07263004144254294,1.6184429693481661,0.02451687180747868,0.025901793775887316,0.005277183745391854,0.5,0.7002650966490067,True,96.7,增强中,"[0.1293, -0.0448, 0.0554]","[-0.0292, -0.0491, -0.0476]"
tdx_12_26_9,"通达信参数 · EMA(12,26,9)",688131,皓元医药,医药生物,5,6,3,2022-03-11,2024-07-12,0.01698632549391993,0.5,-0.07900395411728335,0.21500601689762647,-0.02863151697807265,0.3333333333333333,-0.12114155120790847,-0.2363476172509462,0.0626041679659125,0.6666666666666666,-0.03686635702665823,1.6981381675613665,0.09123568494398515,0.3333333333333333,0.08427519418125023,1.9344857848123127,0.012410966411097112,0.024105698750697704,0.041126831487603294,0.5,0.5277158428526283,True,96.4,增强中,"[0.0945, 0.1056, -0.0122]","[-0.0271, -0.0337, -0.0498]"
tdx_12_26_9,"通达信参数 · EMA(12,26,9)",301117,佳缘科技,计算机,5,8,3,2022-04-20,2026-03-06,-0.004101252460456242,0.5,-0.10451938081611256,-0.0392391576416993,-0.03517000330418668,0.4,-0.1467352670695915,-0.23968336996658585,0.047679998945761144,0.6666666666666666,-0.034159570393647636,1.3958020664869892,0.08285000224994782,0.2666666666666666,0.11257569667594386,1.6354854364535751,0.01584972893291837,0.02331804415468112,0.0014438711494635,0.5,0.6907204199058712,True,95.2,增强中,"[0.0628, 0.1402, -0.0599]","[-0.0046, -0.0353, -0.0626]"
tdx_12_26_9,"通达信参数 · EMA(12,26,9)",688700,东威科技,机械设备,5,9,3,2022-06-28,2024-09-25,0.05144077219485085,0.4444444444444444,-0.054936608019816244,0.9363660052745811,-0.00831002014331761,0.3333333333333333,-0.06432846778754792,-0.1291810675603591,0.17094235687118775,0.6666666666666666,-0.03615288848435292,4.728318096773156,0.17925237701450536,0.3333333333333333,0.028175579303194996,4.8574991643335155,0.04639963175039399,0.011139334669923888,0.05975051561312746,0.5,0.6726910221832211,True,92.0,增强中,"[-0.0719, 0.1914, 0.3933]","[-0.0745, -0.0236, -0.0104]"
tdx_12_26_9,"通达信参数 · EMA(12,26,9)",688208,道通科技,计算机,5,6,3,2022-07-07,2025-06-06,-0.017837567308781405,0.5,-0.10609326977125488,-0.1681309978214504,-0.06271840880490813,0.3333333333333333,-0.14480952501465016,-0.43310969218746487,0.027043274187345312,0.6666666666666666,-0.0673770145278596,0.4013724023964172,0.08976168299225344,0.3333333333333333,0.07743251048679056,0.834482094583882,0.022393246863256427,0.017792957697231312,0.014083196274712852,0.5,0.5824397809520154,True,89.9,增强中,"[-0.0098, 0.053, 0.038]","[-0.0824, -0.1018, -0.0179]"
tdx_12_26_9,"通达信参数 · EMA(12,26,9)",300580,贝斯特,汽车,5,7,3,2022-03-24,2024-09-02,0.012669161332027615,0.5714285714285714,-0.08285840626357209,0.15290133980766044,-0.07800959025880054,0.25,-0.10968518580714781,-0.711213548892187,0.13357416345313183,1.0,-0.04708936687213778,2.836609882987535,0.2115837537119324,0.75,0.06259581893501004,3.547823431879722,0.038321098581238645,0.019822080110609097,0.02869675148130578,1.0,0.8567749394072264,True,88.0,增强中,"[0.3433, 0.0301, 0.0273]","[-0.1034, -0.0249, -0.0129]"
tdx_12_26_9,"通达信参数 · EMA(12,26,9)",001298,好上好,电子,5,6,3,2023-06-08,2025-06-19,0.1081617551549592,0.8333333333333334,-0.05370868857010198,2.0138595455330037,0.010552587467962867,0.6666666666666666,-0.05716009097645009,0.18461460238596408,0.20577092284195553,1.0,-0.05025728616375386,4.0943500644163295,0.19521833537399266,0.33333333333333337,0.006902804812696228,3.9097354620303655,0.06544328348118698,0.0014231869773110386,0.16202401756508483,1.0,0.4750666896069697,True,86.7,增强中,"[0.0771, 0.2933, 0.247]","[-0.0482, -0.0496, -0.053]"
tdx_12_26_9,"通达信参数 · EMA(12,26,9)",603730,岱美股份,汽车,5,6,3,2022-04-21,2025-06-26,-0.010258498859722512,0.6666666666666666,-0.06383087538188717,-0.1607137423440928,-0.03537106137294644,0.3333333333333333,-0.11238599899151142,-0.31472836198767107,0.01485406365350142,1.0,-0.015275751772262923,0.9723949351201696,0.05022512502644786,0.6666666666666667,0.09711024721924849,1.2871232971078408,0.013022558999843448,0.031021670156247887,0.01043763513009772,1.0,0.5315474887961116,True,82.1,增强中,"[0.0013, 0.0237, 0.0196]","[-0.0234, -0.0206, -0.0018]"
tdx_12_26_9,"通达信参数 · EMA(12,26,9)",301029,怡合达,机械设备,5,6,3,2022-07-26,2025-04-24,0.03629028683427383,0.6666666666666666,-0.04311000763172013,0.8418065509125916,0.006419197448577679,0.3333333333333333,-0.05070798148507921,0.12659146076375616,0.06616137621996998,1.0,-0.03551203377836106,1.8630691960054628,0.059742178771392304,0.6666666666666667,0.01519594770671815,1.7364777352417067,0.018610937990980833,0.007005661883282938,0.04012044270833328,1.0,0.5957314775825011,True,79.9,增强中,"[0.0417, 0.0386, 0.1182]","[-0.0428, -0.041, -0.0227]"
tdx_12_26_9,"通达信参数 · EMA(12,26,9)",300969,恒帅股份,汽车,5,8,3,2022-03-18,2024-09-24,0.1514032902001707,0.625,-0.04786346629291879,3.1632328773181695,0.03916791749476659,0.4,-0.05233415614065694,0.7484197775062267,0.3384622447091776,1.0,-0.04041231654668854,8.375225021266736,0.29929432721441096,0.6,0.011921839593968399,7.62680524376051,0.07457255461774731,0.001966631207038429,0.13550085369478237,1.0,0.7331049360001517,True,76.0,增强中,"[0.1283, 0.1427, 0.7444]","[-0.0274, -0.0475, -0.0463]"
tdx_12_26_9,"通达信参数 · EMA(12,26,9)",603236,移远通信,通信,5,7,3,2022-07-20,2026-04-01,0.007974202376719966,0.5714285714285714,-0.03956035461551947,0.20157054844982855,-0.025112105531131385,0.25,-0.04641724252332188,-0.5410081290053811,0.05208927958718843,1.0,-0.03041783740511624,1.712458347825447,0.07720138511831981,0.75,0.015999405118205644,2.253466476830828,0.013789638623180044,0.001105083397506458,0.020585739509262357,1.0,0.7365326138454856,True,73.7,增强中,"[0.0259, 0.1151, 0.0153]","[-0.0223, -0.031, -0.0379]"
tdx_12_26_9,"通达信参数 · EMA(12,26,9)",688202,美迪西,医药生物,5,8,3,2022-06-27,2025-12-11,0.027700046901444304,0.75,-0.060633440409386535,0.4568443867677368,0.017609911832586693,0.6,-0.08242345045153951,0.21365171848684447,0.04451693868287365,1.0,-0.024316757005798273,1.8307103481051645,0.02690702685028696,0.4,0.058106693445741237,1.61705862961832,0.0036686448793342994,0.014499117253200553,0.0344494707634077,1.0,0.4840994344674628,True,73.7,增强中,"[0.0645, 0.0647, 0.0044]","[-0.015, -0.0417, -0.0163]"
tdx_12_26_9,"通达信参数 · EMA(12,26,9)",300820,英杰电气,电力设备,5,6,3,2022-06-15,2024-02-20,0.054846874789692336,0.8333333333333334,-0.037078937054018234,1.479192208498021,0.02561769005752713,0.6666666666666666,-0.036219631343159524,0.7072874324648617,0.08407605952185754,1.0,-0.037938242764876944,2.216129514561881,0.058458369464330404,0.33333333333333337,-0.0017186114217174198,1.5088420820970194,0.018121923312275738,-0.0030997097386250587,0.06626106278887797,1.0,0.4745942886658727,True,73.1,增强中,"[0.0241, 0.1197, 0.1085]","[-0.015, -0.0625, -0.0364]"
tdx_12_26_9,"通达信参数 · EMA(12,26,9)",688766,普冉股份,电子,5,8,3,2022-06-08,2025-06-18,0.12181402525122084,0.75,-0.05179564322423903,2.3518199151201005,0.09411767120983419,0.6,-0.06824501800923435,1.3791141676759315,0.16797461532019864,1.0,-0.024380018582580158,6.889847714891354,0.07385694411036445,0.4,0.0438649994266542,5.510733547215422,0.023675847982957365,0.010999836706172111,0.01614929705685933,1.0,0.9359058032823391,False,72.1,改善观察,"[0.4716, 0.0131, 0.0192]","[-0.001, -0.0344, -0.0377]"
tdx_12_26_9,"通达信参数 · EMA(12,26,9)",603533,掌阅科技,传媒,5,6,3,2023-08-08,2026-04-09,-0.039893345671093684,0.5,-0.07947129547028702,-0.5019843383075231,-0.06443941419360506,0.3333333333333333,-0.10557903446677225,-0.6103429011172231,-0.01534727714858232,0.6666666666666666,-0.05336355647380176,-0.28759846911846837,0.04909213704502274,0.3333333333333333,0.05221547799297049,0.32274443199875474,0.0023027372389887173,0.0046996613834650435,-0.038172430874388645,0.5,0.5131147540983602,True,67.1,改善观察,"[0.0303, -0.1051, 0.0288]","[-0.0236, -0.1077, -0.0288]"
tdx_12_26_9,"通达信参数 · EMA(12,26,9)",002865,钧达股份,电力设备,5,8,3,2023-05-05,2026-04-13,0.01954000681325284,0.5,-0.03869401258279317,0.5049878652787249,0.0028774623146587677,0.4,-0.038656966558934996,0.07443580215410575,0.047310914310909634,0.6666666666666666,-0.03875575595589012,1.2207454904184187,0.044433451996250865,0.2666666666666666,-9.878939695512345e-05,1.146309688264313,0.015339376991279343,0.0016138605916781136,0.031099261831812906,0.5,0.5328117074237535,True,65.0,改善观察,"[-0.0077, 0.0797, 0.0699]","[-0.0408, -0.0291, -0.0464]"
tdx_12_26_9,"通达信参数 · EMA(12,26,9)",688031,星环科技,计算机,5,7,3,2023-08-08,2025-06-06,-0.07740504684393146,0.14285714285714285,-0.09841627145534938,-0.7865065979363937,-0.11247090403575333,0.0,-0.12503465449807533,-0.899517853568225,-0.03065057058816895,0.3333333333333333,-0.06292509406504816,-0.4870961425418648,0.08182033344758438,0.3333333333333333,0.062109560433027164,0.4124217110263602,0.01655794085003047,0.014003829083130978,-0.05775315780944822,0.0,1.0,False,62.8,改善观察,"[-0.0309, 0.0236, -0.0846]","[-0.0496, -0.0535, -0.0857]"
tdx_12_26_9,"通达信参数 · EMA(12,26,9)",603383,顶点软件,计算机,5,6,3,2022-03-11,2024-07-19,0.004376975653150118,0.5,-0.09342154697597861,0.04685188583181528,-0.03770320245131969,0.3333333333333333,-0.0958152047098204,-0.3934991587765754,0.04645715375761993,0.6666666666666666,-0.09102788924213684,0.51036175994417,0.08416035620893962,0.3333333333333333,0.004787315467683559,0.9038609187207454,0.006525007947730432,-0.00046151758103486995,-0.006046251345551982,0.5,0.8152476195099615,True,59.3,改善观察,"[0.1515, 0.0343, -0.0464]","[-0.0991, -0.0989, -0.0751]"
tdx_12_26_9,"通达信参数 · EMA(12,26,9)",688083,中望软件,计算机,5,9,3,2022-03-17,2026-04-08,0.007069542448279096,0.4444444444444444,-0.06511412418727201,0.10857156625414603,-0.0029528981158825334,0.3333333333333333,-0.0740553696500659,-0.03987419318593471,0.02711442357660235,0.6666666666666666,-0.047231633261684246,0.5740733848092102,0.030067321692484883,0.3333333333333333,0.026823736388381654,0.6139475779951449,0.005918578583358707,0.009601855114552887,0.0015895943443932706,0.5,0.6237770095791118,True,59.0,改善观察,"[0.0782, -0.044, 0.0471]","[-0.0101, -0.0656, -0.066]"
tdx_12_26_9,"通达信参数 · EMA(12,26,9)",603843,*ST正平,未知,5,6,3,2022-05-11,2026-02-05,0.010319802784275495,0.3333333333333333,-0.06143293853289539,0.1679848470661967,-0.02551171598941836,0.0,-0.06513983419123305,-0.39164539342428806,0.04615132155796935,0.6666666666666666,-0.05772604287455774,0.7994887447639366,0.07166303754738772,0.6666666666666666,0.007413791316675314,1.1911341381882248,0.0034023200612565765,-0.005774953300424676,-0.018528119703862242,0.5,0.8187578398893567,True,58.7,改善观察,"[0.1755, 0.0389, -0.0759]","[0.0, -0.0676, -0.1056]"
tdx_12_26_9,"通达信参数 · EMA(12,26,9)",688033,天宜新材,机械设备,5,7,3,2022-04-11,2026-05-06,0.051935974701438334,0.7142857142857143,-0.07992610410549826,0.6497999030815461,0.013050995119814265,0.75,-0.11429251810644248,0.11418940921101818,0.10378261414360375,0.6666666666666666,-0.03410421877090598,3.043101935298979,0.09073161902378948,-0.08333333333333337,0.0801882993355365,2.928912526087961,0.03692418154800012,0.023994709292873836,0.003698243122240378,0.5,0.8530486372963864,False,58.0,改善观察,"[0.0524, -0.045, 0.304]","[-0.0232, -0.0791, 0.0]"
tdx_12_26_9,"通达信参数 · EMA(12,26,9)",301052,果麦文化,传媒,5,6,3,2022-06-17,2024-06-27,-0.014689594216828986,0.16666666666666666,-0.05851980088756941,-0.2510192104899882,-0.05284559216795034,0.0,-0.06583177996322505,-0.8027367966880273,0.02346640373429236,0.3333333333333333,-0.051207821811913766,0.45825818993989664,0.07631199590224269,0.3333333333333333,0.014623958151311282,1.260994986627924,0.003305313169791756,4.912358345850884e-05,-0.05634540656401146,0.0,1.0,False,52.4,稳定/不明显,"[0.1831, -0.0534, -0.0593]","[-0.0362, -0.0548, -0.0626]"
tdx_12_26_9,"通达信参数 · EMA(12,26,9)",688283,坤恒顺维,通信,5,6,3,2023-06-09,2026-04-09,0.07694824789204618,0.6666666666666666,-0.049469616352229295,1.5554648199445475,0.003661887429775898,0.6666666666666666,-0.05827257849189934,0.06284066235862464,0.15023460835431648,0.6666666666666666,-0.040666654212559265,3.694294779429355,0.1465727209245406,0.0,0.017605924279340074,3.63145411707073,0.03412393400929711,0.0036184804346239448,0.014580999464224805,0.5,0.8891545806029492,False,50.7,稳定/不明显,"[-0.0234, 0.4215, 0.0526]","[-0.0859, -0.0131, -0.023]"
tdx_12_26_9,"通达信参数 · EMA(12,26,9)",000980,众泰汽车,汽车,5,7,3,2022-04-26,2025-02-07,-0.009464959024855021,0.2857142857142857,-0.073417934526709,-0.12891889544252605,-0.046137579384691006,0.25,-0.07887915254003298,-0.5849147448849064,0.03943186812159296,0.3333333333333333,-0.0661363105089437,0.596221165319776,0.08556944750628397,0.08333333333333331,0.012742842031089288,1.1811359102046823,0.017791671015558567,0.008527327139228389,-0.05673202614379083,0.0,1.0,False,47.1,稳定/不明显,"[0.2318, -0.1046, -0.0089]","[-0.03, -0.1373, -0.0311]"
tdx_12_26_9,"通达信参数 · EMA(12,26,9)",002129,TCL中环,电力设备,5,6,3,2023-07-11,2025-01-15,0.006580061072238505,0.5,-0.02672140593095729,0.24624681385553038,-0.0022670235707772358,0.3333333333333333,-0.025565929883605083,-0.08867362075615456,0.015427145715254243,0.6666666666666666,-0.027876881978309495,0.5534028420846288,0.01769416928603148,0.3333333333333333,-0.0023109520947044125,0.6420764628407833,0.001990021585558286,-0.0008600684519504332,-0.00028632292644932555,0.5,0.5826815642458107,True,46.7,稳定/不明显,"[0.0469, 0.0336, -0.0341]","[-0.0321, -0.0105, -0.041]"
tdx_12_26_9,"通达信参数 · EMA(12,26,9)",688152,麒麟信安,计算机,5,6,3,2023-07-05,2025-01-15,-0.029989096193968817,0.5,-0.07313532420665701,-0.41004940525359856,-0.05184895756717616,0.3333333333333333,-0.09025653733340967,-0.5744620733193536,-0.008129234820761468,0.6666666666666666,-0.05601411107990436,-0.1451283375570324,0.043719722746414696,0.3333333333333333,0.03424242625350531,0.42933373576232126,0.01275720894932093,0.009742807189153341,-0.05270311149040146,0.5,0.933590205150329,False,44.1,稳定/不明显,"[0.081, -0.1112, 0.0058]","[-0.0201, -0.1211, -0.0268]"
tdx_12_26_9,"通达信参数 · EMA(12,26,9)",300474,景嘉微,国防军工,5,6,3,2022-05-05,2024-02-19,0.03058947160145334,0.8333333333333334,-0.04403067602057748,0.6947309095857971,0.023002473710547727,0.6666666666666666,-0.039832250654612315,0.5774836553927989,0.03817646949235894,1.0,-0.048229101386542655,0.7915650176930583,0.015173995781811216,0.33333333333333337,-0.00839685073193034,0.21408136230025943,0.0018531324332375216,-0.0006294201901702853,0.027017038789898536,1.0,0.5282078350154752,True,40.7,稳定/不明显,"[0.0355, 0.0605, 0.0185]","[-0.066, -0.0302, -0.0486]"
tdx_12_26_9,"通达信参数 · EMA(12,26,9)",603738,泰晶科技,电子,5,6,3,2022-04-20,2023-08-30,-0.007565767350395537,0.3333333333333333,-0.09091371915428699,-0.083219204106653,-0.031183465435703495,0.3333333333333333,-0.11857698332191115,-0.2629807620509881,0.016051930734912418,0.3333333333333333,-0.06325045498666283,0.25378364058088076,0.04723539617061591,0.0,0.055326528335248315,0.5167644026318688,0.028483211161079398,0.023731971074476235,-0.040640266736879815,0.0,1.0,False,37.4,稳定/不明显,"[-0.0496, -0.0316, 0.1294]","[-0.0506, -0.121, -0.0181]"
tdx_12_26_9,"通达信参数 · EMA(12,26,9)",688159,有方科技,通信,5,7,3,2022-03-18,2026-04-02,0.0996698502648781,0.8571428571428571,-0.03506313768219558,2.8425821775638926,0.13366943626536898,0.75,-0.05034703542723984,2.654961411949357,0.05433706893089024,1.0,-0.014684607355469906,3.700273872876151,-0.07933236733447874,0.25,0.03566242807176993,1.045312460926794,-0.002035701679735535,0.008652937078877805,0.04562645946012049,1.0,0.4402046293890521,False,36.8,退化中,"[0.0718, 0.0311, 0.0601]","[-0.0013, -0.0262, -0.0166]"
tdx_12_26_9,"通达信参数 · EMA(12,26,9)",300986,志特新材,建筑装饰,5,8,3,2022-03-21,2025-07-02,-0.011496279123957807,0.5,-0.0638692692150838,-0.17999703558910876,-0.010748326217791562,0.4,-0.07340840307946184,-0.14641819964612093,-0.012742867300901552,0.6666666666666666,-0.04797071277445376,-0.26563848156301767,-0.00199454108310999,0.2666666666666666,0.02543769030500808,-0.11922028191689674,0.0020736861379496187,0.006594067439399287,-0.035924308769960674,0.5,0.5548784648769635,False,31.2,稳定/不明显,"[0.027, -0.0988, 0.0336]","[-0.0048, -0.1321, -0.007]"
tdx_12_26_9,"通达信参数 · EMA(12,26,9)",603728,鸣志电器,电力设备,5,6,3,2022-04-20,2025-04-22,0.05257673561500376,0.6666666666666666,-0.07164418729932605,0.7338590553807336,0.030998945299079,0.6666666666666666,-0.08623147492910072,0.3594852729188066,0.07415452593092853,0.6666666666666666,-0.05705689966955138,1.2996592236942266,0.04315558063184953,0.0,0.029174575259549335,0.94017395077542,0.013947682119862316,0.019145655041556943,-0.04286992334485418,0.5,0.9627871363333886,False,30.9,稳定/不明显,"[0.3082, -0.0977, 0.0119]","[-0.0309, -0.1106, -0.0296]"
tdx_12_26_9,"通达信参数 · EMA(12,26,9)",688066,航天宏图,计算机,5,8,3,2022-08-02,2026-04-10,0.02966620160380815,0.5,-0.07693761580059341,0.3855877426809909,0.02662900648046341,0.4,-0.07765804023331555,0.34290083036423935,0.034728193476049385,0.6666666666666666,-0.07573690841272318,0.45853724694966996,0.008099186995585976,0.2666666666666666,0.0019211318205923644,0.11563641658543061,-0.0011230227210739527,-0.005379970880338948,0.013721570025172086,0.5,0.6126622799217503,False,29.1,稳定/不明显,"[0.0767, -0.0211, 0.0485]","[-0.0275, -0.1781, -0.0216]"
tdx_12_26_9,"通达信参数 · EMA(12,26,9)",688133,泰坦科技,基础化工,5,6,3,2022-03-21,2024-09-02,0.017374966021820825,0.3333333333333333,-0.06073214254303539,0.2860917677901575,0.004010646899104996,0.3333333333333333,-0.08557123494549827,0.046869101534638864,0.03073928514453665,0.3333333333333333,-0.035893050140572515,0.8564132895964116,0.026728638245431657,0.0,0.04967818480492576,0.8095441880617728,0.00945269693460023,0.011101231912170014,-0.006089743589743574,0.0,1.0,False,28.2,稳定/不明显,"[0.1044, 0.0, -0.0122]","[-0.0291, -0.0619, -0.0167]"
tdx_12_26_9,"通达信参数 · EMA(12,26,9)",300913,兆龙互连,通信,5,7,3,2022-07-06,2024-07-10,0.010782566986654528,0.42857142857142855,-0.049901665751639554,0.216076293731743,-0.005908394777000871,0.5,-0.06502804103223887,-0.09085918448737634,0.033037182671528394,0.3333333333333333,-0.029733165377507118,1.111122285571409,0.038945577448529264,-0.16666666666666669,0.03529487565473176,1.2019814700587852,0.00040195410041216013,0.0012494829544131252,-0.030505981616880267,0.0,1.0,False,24.7,稳定/不明显,"[-0.0114, 0.1601, -0.0496]","[-0.0193, -0.0203, -0.0496]"
tdx_12_26_9,"通达信参数 · EMA(12,26,9)",300432,富临精工,电力设备,5,6,3,2022-06-20,2025-06-25,0.04581002248114171,0.6666666666666666,-0.037484838602865785,1.2220946971781665,0.03887755970207606,0.6666666666666666,-0.0519759605627487,0.7479911728642434,0.052742485260207334,0.6666666666666666,-0.02299371664298286,2.293778169015712,0.01386492555813127,0.0,0.028982243919765845,1.5457869961514688,-0.007536395184792235,0.0075565086624215854,0.008653023283264918,0.5,0.838289613723158,False,19.8,稳定/不明显,"[0.0272, 0.1409, -0.0099]","[-0.0117, -0.0285, -0.0289]"
tdx_12_26_9,"通达信参数 · EMA(12,26,9)",603960,克来机电,机械设备,5,6,3,2022-05-06,2024-07-10,-0.011861158789310058,0.3333333333333333,-0.05526044137546298,-0.21464104328664863,-0.021944964039223292,0.3333333333333333,-0.09116262813098897,-0.2407232490894317,-0.0017773535393968184,0.3333333333333333,-0.019358254619937,-0.09181372878349932,0.020167610499826474,0.0,0.07180437351105197,0.1489095203059324,-0.005556645010764807,0.015354087958729695,-0.021184548827613777,0.0,1.0,False,17.3,稳定/不明显,"[-0.0344, 0.037, -0.0079]","[-0.0349, -0.0152, -0.0079]"
tdx_12_26_9,"通达信参数 · EMA(12,26,9)",603737,三棵树,建筑材料,5,6,3,2022-08-23,2025-06-19,-0.006363783763239382,0.5,-0.06412153343136291,-0.09924565777971163,0.0068405616067345465,0.3333333333333333,-0.04098175602225533,0.16691724002797118,-0.01956812913321331,0.6666666666666666,-0.0872613108404705,-0.22424748086798052,-0.026408690739947855,0.3333333333333333,-0.04627955481821516,-0.39116472089595167,0.008917544040828514,-0.001069164761864632,-0.07070666055860955,0.5,0.6309878003608504,False,15.6,退化中,"[-0.1898, 0.0484, 0.0827]","[-0.2158, -0.0312, -0.0147]"
tdx_12_26_9,"通达信参数 · EMA(12,26,9)",688368,晶丰明源,电子,5,6,3,2022-06-08,2025-07-14,0.0013121412133323875,0.3333333333333333,-0.05818360547845337,0.022551734333794447,-0.008476275813371868,0.3333333333333333,-0.0730051424416133,-0.11610518834547673,0.011100558240036642,0.3333333333333333,-0.04336206851529345,0.25599697201072324,0.019576834053408508,0.0,0.029643073926319846,0.3721021603562,0.0033814986236177028,0.009149575085304605,-0.03546301780947196,0.0,1.0,False,14.8,稳定/不明显,"[0.1042, -0.0644, -0.0066]","[-0.0364, -0.0644, -0.0293]"
tdx_12_26_9,"通达信参数 · EMA(12,26,9)",688662,富信科技,电子,5,6,3,2022-04-07,2025-11-27,0.0037493317411355855,0.3333333333333333,-0.04467700511311723,0.08392083873219999,-0.003497075458101819,0.3333333333333333,-0.04814024292472548,-0.0726434942085777,0.010995738940372993,0.3333333333333333,-0.04121376730150897,0.2667977149463452,0.014492814398474812,0.0,0.0069264756232165145,0.3394412091549229,0.006904486495459108,0.004668888838514568,-0.001661026360905731,0.0,1.0,False,8.7,稳定/不明显,"[-0.0021, 0.0363, -0.0012]","[-0.0345, -0.056, -0.0332]"
tdx_12_26_9,"通达信参数 · EMA(12,26,9)",301079,邵阳液压,机械设备,5,6,3,2022-06-29,2026-04-01,-0.0006011287882740895,0.3333333333333333,-0.07187724308372712,-0.008363269965347126,-0.0074198618283834936,0.3333333333333333,-0.07653581489932769,-0.0969462706857345,0.006217604251835315,0.3333333333333333,-0.06721867126812653,0.09249817252462639,0.013637466080218808,0.0,0.00931714363120116,0.18944444321036089,0.0025249590744220573,-0.003972810829983394,-0.01864893738706447,0.0,1.0,False,6.0,稳定/不明显,"[-0.0221, 0.056, -0.0151]","[-0.0684, -0.0545, -0.0787]"
tdx_12_26_9,"通达信参数 · EMA(12,26,9)",688668,鼎通科技,通信,5,8,3,2022-03-15,2025-11-25,0.07198122988578212,0.875,-0.03409402002840391,2.1112567490080134,0.085446112520481,1.0,-0.041788847560511586,2.044710909932424,0.04953975882795066,0.6666666666666666,-0.021269307474891117,2.3291665178301377,-0.035906353692530334,-0.33333333333333337,0.02051954008562047,0.28445560789771385,-0.01307992205743352,0.0034033298091109094,0.02741191647750514,0.5,0.5410564351129343,False,5.2,退化中,"[0.0796, 0.0938, -0.0247]","[-0.0303, -0.0005, -0.0331]"
tdx_12_26_9,"通达信参数 · EMA(12,26,9)",300548,长芯博创,通信,5,7,3,2023-05-29,2025-11-19,-0.018345618077388614,0.2857142857142857,-0.07924248212702552,-0.2315124108300978,-0.0206219533861466,0.25,-0.05843727726091849,-0.35289038697116176,-0.01531050433237797,0.3333333333333333,-0.10698275528183486,-0.14311189024851761,0.0053114490537686295,0.08333333333333331,-0.04854547802091637,0.20977849672264415,0.008420286269266747,-0.011352278492573035,-0.10757967269595173,0.0,1.0,False,4.3,退化中,"[-0.0741, -0.1411, 0.1692]","[-0.077, -0.1666, -0.0774]"
tdx_12_26_9,"通达信参数 · EMA(12,26,9)",300723,一品红,医药生物,5,7,3,2022-06-17,2026-01-06,0.031999424477330056,0.5714285714285714,-0.056090151651876904,0.5704998744865987,0.034256497266420854,0.75,-0.06041652275410025,0.5670054432931758,0.028989994091875665,0.3333333333333333,-0.050321656848912426,0.5760937915640632,-0.00526650317454519,-0.4166666666666667,0.010094865905187822,0.009088348270887336,0.01887272210707778,0.0033386354916695926,-0.05069165973986828,0.0,1.0,False,2.2,稳定/不明显,"[-0.0434, -0.058, 0.1884]","[-0.0555, -0.071, -0.0245]"
tdx_12_26_9,"通达信参数 · EMA(12,26,9)",688348,昱能科技,电力设备,5,6,3,2022-11-03,2024-09-02,-0.032571320210230674,0.5,-0.10536129431990209,-0.3091393326218673,-0.0388986332607193,0.6666666666666666,-0.11742836992849219,-0.33125413632503425,-0.02624400715974205,0.3333333333333333,-0.09329421871131201,-0.28130368121685057,0.012654626100977253,-0.3333333333333333,0.024134151217180183,0.04995045510818369,-0.006231156913082819,0.007582577405929335,-0.0424647712354147,0.0,1.0,False,1.9,稳定/不明显,"[-0.044, 0.0062, -0.0409]","[-0.0897, -0.1297, -0.0604]"
tdx_12_26_9,"通达信参数 · EMA(12,26,9)",300778,新城市,建筑装饰,5,6,3,2022-06-30,2024-07-30,0.0592669341883053,0.6666666666666666,-0.05575802515563394,1.0629310134797127,0.09752996272267596,0.6666666666666666,-0.06035715781874246,1.6158806386405158,0.021003905653934646,0.6666666666666666,-0.05115889249252543,0.41056216486710345,-0.07652605706874131,0.0,0.00919826532621703,-1.2053184737734124,-0.00417180571000677,0.0059701017334913625,0.00638023034019845,0.5,0.5954800908764799,False,1.0,退化中,"[-0.0214, 0.0341, 0.0503]","[-0.0762, -0.0622, -0.0151]"
tdx_12_26_9,"通达信参数 · EMA(12,26,9)",688123,聚辰股份,电子,5,6,3,2022-07-22,2026-04-09,0.029332052818190773,0.6666666666666666,-0.06232954421899281,0.47059629884559345,0.03255397641011019,0.6666666666666666,-0.043625439864386134,0.7462154309803488,0.026110129226271362,0.6666666666666666,-0.08103364857359949,0.32221342227428673,-0.006443847183838825,0.0,-0.03740820870921335,-0.4240020087060621,0.0035330844346662823,-0.00736711080688452,-0.016290171354461314,0.5,0.5103734439834026,False,0.8,退化中,"[0.1064, -0.139, 0.1109]","[-0.053, -0.1615, -0.0287]"
tdx_12_26_9,"通达信参数 · EMA(12,26,9)",300199,翰宇药业,医药生物,5,6,3,2022-05-09,2024-08-01,0.028925432971254456,0.8333333333333334,-0.0448755641734123,0.6445697899078913,0.024030126204644658,1.0,-0.0320366593511124,0.750082146246321,0.03382073973786425,0.6666666666666666,-0.0577144689957122,0.5860010553051594,0.009790613533219594,-0.33333333333333337,-0.0256778096445998,-0.16408109094116152,0.006825044277531856,-0.0039538266636253904,-0.013162543909498649,0.5,0.8028451618721261,False,0.0,稳定/不明显,"[-0.0577, 0.1278, 0.0314]","[-0.0922, -0.06, -0.0209]"
tdx_12_26_9,"通达信参数 · EMA(12,26,9)",301257,普蕊斯,医药生物,5,6,3,2022-09-30,2026-04-01,0.02275881831297992,0.6666666666666666,-0.0627760835326171,0.36253963344423884,0.028004921387571283,0.6666666666666666,-0.057474834414492616,0.4872553644192784,0.017512715238388554,0.6666666666666666,-0.06807733265074159,0.25724737671839115,-0.010492206149182729,0.0,-0.010602498236248974,-0.23000798770088726,-0.011955638553608839,0.0007110209336079155,-0.016327493666022302,0.5,0.9766672563831247,False,0.0,稳定/不明显,"[0.0852, -0.0347, 0.002]","[-0.0552, -0.0853, -0.0638]"
tdx_12_26_9,"通达信参数 · EMA(12,26,9)",688023,安恒信息,计算机,5,7,3,2022-05-10,2025-05-30,0.024606448342407956,0.5714285714285714,-0.03719470858255304,0.6615577666859347,0.034937059429529675,0.75,-0.04612679130715516,0.7574136080024768,0.010832300226245664,0.3333333333333333,-0.025285264949750214,0.4284036670279254,-0.02410475920328401,-0.4166666666666667,0.02084152635740495,-0.3290099409745514,0.004431474194162269,0.007577468055210975,-0.016465866222929074,0.0,1.0,False,0.0,退化中,"[-0.0279, -0.0051, 0.0654]","[-0.0449, -0.0257, -0.0052]"
tdx_12_26_9,"通达信参数 · EMA(12,26,9)",605369,拱东医疗,医药生物,5,6,3,2022-06-22,2025-01-08,0.007227767470728689,0.3333333333333333,-0.04219229248491604,0.17130539833341962,0.006463917847861165,0.3333333333333333,-0.03498256128437241,0.18477543125891013,0.007991617093596214,0.3333333333333333,-0.04940202368545965,0.16176699854399612,0.0015276992457350482,0.0,-0.01441946240108724,-0.023008432714914012,-0.005006133248008044,-0.003863255776296158,-0.0356823164935067,0.0,1.0,False,0.0,稳定/不明显,"[0.0953, -0.0595, -0.0119]","[-0.0298, -0.0848, -0.0336]"
tdx_12_26_9,"通达信参数 · EMA(12,26,9)",688680,海优新材,电力设备,5,7,3,2022-04-29,2025-01-17,0.013573889154467483,0.2857142857142857,-0.05457050123182973,0.2487404155736459,0.021858630817813016,0.25,-0.06433524155521675,0.3397613856637578,0.002527566936673438,0.3333333333333333,-0.0415508474673137,0.06083069517804103,-0.019331063881139577,0.08333333333333331,0.022784394087903052,-0.2789306904857168,-0.019440845528118426,0.004487477443099453,-0.0034813768677171048,0.0,1.0,False,0.0,稳定/不明显,"[0.0145, -0.0034, -0.0036]","[-0.0604, -0.0227, -0.0415]"
tdx_12_26_9,"通达信参数 · EMA(12,26,9)",600383,金地集团,房地产,5,6,3,2022-11-10,2024-08-01,0.03701360990990097,0.6666666666666666,-0.043220078193911,0.8563984947883685,0.07183906191459634,0.6666666666666666,-0.03335787322862339,2.153586393899759,0.002188157905205615,0.6666666666666666,-0.053082283159198614,0.041222000542876606,-0.06965090400939072,0.0,-0.019724409930575226,-2.112364393356882,-0.02899359035687068,-0.004052015355433704,-0.025843976734424613,0.5,0.5269804822043628,False,0.0,退化中,"[0.0583, -0.104, 0.0523]","[-0.0267, -0.1162, -0.0163]"
tdx_12_26_9,"通达信参数 · EMA(12,26,9)",688515,裕太微,电子,5,6,3,2023-05-22,2024-06-13,0.05232103468242249,0.6666666666666666,-0.07024686063826564,0.7448166965332199,0.10581339124116455,1.0,-0.04288109956110265,2.4675997659618703,-0.0011713218763195685,0.3333333333333333,-0.09761262171542866,-0.011999696921719184,-0.10698471311748411,-0.6666666666666667,-0.05473152215432601,-2.4795994628835896,-0.025049157941767142,-0.011535257665754474,-0.021016916087151526,0.0,1.0,False,0.0,退化中,"[-0.0288, -0.0132, 0.0385]","[-0.0998, -0.125, -0.0681]"
tdx_12_26_9,"通达信参数 · EMA(12,26,9)",688499,利元亨,电力设备,5,6,3,2022-03-18,2023-08-29,0.0018835136008552482,0.6666666666666666,-0.051818383251808396,0.03634836678910695,0.008284350233071489,0.6666666666666666,-0.05269376430739853,0.15721689922821314,-0.004517323031360995,0.6666666666666666,-0.05094300219621826,-0.08867406388735247,-0.012801673264432482,0.0,0.0017507621111802693,-0.2458909631155656,-0.011167540677826302,-0.00432335678597177,-0.03377239023543023,0.5,0.9077595285464842,False,0.0,稳定/不明显,"[0.054, -0.073, 0.0055]","[-0.0123, -0.0858, -0.0547]"
tdx_12_26_9,"通达信参数 · EMA(12,26,9)",688032,禾迈股份,电力设备,5,7,3,2022-08-17,2024-09-06,0.008616521506468952,0.42857142857142855,-0.044421528596954626,0.19397174700241335,0.021047248385772467,0.5,-0.044176612758507657,0.4764341825125361,-0.007957780999269066,0.3333333333333333,-0.04474808304821726,-0.17783512627109285,-0.029005029385041535,-0.16666666666666669,-0.0005714702897096011,-0.654269308783629,-0.01549172599286649,-0.0009538970212756891,-0.03706926074927963,0.0,1.0,False,0.0,退化中,"[-0.046, -0.0281, 0.0503]","[-0.0726, -0.0313, -0.0303]"
tdx_12_26_9,"通达信参数 · EMA(12,26,9)",688665,四方光电,机械设备,5,6,3,2022-05-06,2024-02-19,0.006435913407905588,0.3333333333333333,-0.06559594404628018,0.09811450237479366,0.024876664224119115,0.3333333333333333,-0.08674961895073054,0.2867639596001894,-0.012004837408307939,0.3333333333333333,-0.0444422691418298,-0.2701220626245834,-0.03688150163242705,0.0,0.04230734980890074,-0.5568860222247728,-0.024077332525448827,0.005026328877808812,-0.030823040733520365,0.0,1.0,False,0.0,退化中,"[-0.0454, -0.0162, 0.0256]","[-0.0466, -0.046, -0.0408]"
tdx_12_26_9,"通达信参数 · EMA(12,26,9)",002529,*ST海源,未知,5,6,3,2022-10-14,2025-02-11,-0.011090303874675871,0.5,-0.05567821222384431,-0.1991857035583198,-0.008208997453268618,0.6666666666666666,-0.05512617773793819,-0.14891287207128698,-0.013971610296083127,0.3333333333333333,-0.05623024670975043,-0.2484714386583053,-0.0057626128428145094,-0.3333333333333333,-0.0011040689718122415,-0.09955856658701831,-0.004056337369462575,-0.0057290911805062674,-0.026044624746450293,0.0,1.0,False,0.0,稳定/不明显,"[0.0102, -0.0507, -0.0014]","[-0.032, -0.0953, -0.0414]"
tdx_12_26_9,"通达信参数 · EMA(12,26,9)",688071,华依科技,机械设备,5,6,3,2022-03-21,2025-12-17,0.014732051493738609,0.5,-0.07252032765600235,0.20314375251611635,0.04506465894186632,0.6666666666666666,-0.06598199448647556,0.6829841882258243,-0.015600555954389106,0.3333333333333333,-0.07905866082552913,-0.19732886683746445,-0.060665214896255426,-0.3333333333333333,-0.013076666339053578,-0.8803130550632887,0.0029668124588816927,0.0034585106795494997,-0.05312111365186334,0.0,1.0,False,0.0,退化中,"[-0.0872, -0.019, 0.0594]","[-0.1205, -0.0871, -0.0296]"
tdx_12_26_9,"通达信参数 · EMA(12,26,9)",300093,*ST金刚,未知,5,7,3,2023-06-16,2025-05-08,0.008713844977674223,0.42857142857142855,-0.0544408068636691,0.16006090797837494,0.02887352107906783,0.5,-0.04921458160531279,0.5866863059128575,-0.018165723157517258,0.3333333333333333,-0.061409107208144194,-0.2958148063599935,-0.04703924423658509,-0.16666666666666669,-0.0121945256028314,-0.882501112272851,-0.010271999767455565,-0.002741743581857088,-0.03603014346294988,0.0,1.0,False,0.0,退化中,"[-0.0255, -0.0466, 0.0176]","[-0.083, -0.0628, -0.0384]"
tdx_12_26_9,"通达信参数 · EMA(12,26,9)",688577,浙海德曼,机械设备,5,6,3,2023-06-30,2026-03-30,-0.02077564067311523,0.16666666666666666,-0.059616721380300615,-0.34848680356951345,-0.021644017599101104,0.3333333333333333,-0.036294136928587996,-0.5963502491239197,-0.019907263747129363,0.0,-0.08293930583201324,-0.2400220685165836,0.0017367538519717403,-0.3333333333333333,-0.046645168903425245,0.35632818060733606,0.002476657832847906,-0.005650947361891166,-0.02300207934449182,0.0,1.0,False,0.0,退化中,"[-0.0137, -0.0233, -0.0227]","[-0.1364, -0.0713, -0.0411]"
tdx_12_26_9,"通达信参数 · EMA(12,26,9)",002837,英维克,机械设备,5,7,3,2022-05-12,2025-06-16,0.022978922382665547,0.5714285714285714,-0.06412260953988376,0.35835912710902446,0.055461081173850776,0.75,-0.05674081415429369,0.9774459884032863,-0.020330622672248083,0.3333333333333333,-0.07396500338733719,-0.2748681368373828,-0.07579170384609886,-0.4166666666666667,-0.017224189233043502,-1.252314125240669,-0.024328765297164566,-0.002753844451094997,-0.08431423552252618,0.0,1.0,False,0.0,退化中,"[-0.1155, 0.1076, -0.0532]","[-0.1265, -0.0224, -0.073]"
tdx_12_26_9,"通达信参数 · EMA(12,26,9)",688068,热景生物,医药生物,5,8,3,2022-02-22,2026-03-30,0.00805439335079362,0.375,-0.06654831619346897,0.12103076097940514,0.02520633351348648,0.4,-0.060782584260722895,0.41469664082339064,-0.020532173587027813,0.3333333333333333,-0.07615786941471243,-0.26960015747317295,-0.04573850710051429,-0.06666666666666671,-0.015375285153989539,-0.6842967982965635,-0.01449655169119758,0.0038664550052403632,-0.033952960484367314,0.0,1.0,False,0.0,退化中,"[-0.0123, -0.0556, 0.0063]","[-0.1286, -0.0705, -0.0294]"
tdx_12_26_9,"通达信参数 · EMA(12,26,9)",688365,光云科技,计算机,5,6,3,2023-08-23,2025-04-18,0.0034641640645925145,0.5,-0.07142038883046982,0.048503853329829684,0.027605792140675864,0.6666666666666666,-0.07464428336521357,0.36983129713508606,-0.020677464011490832,0.3333333333333333,-0.06819649429572607,-0.30320420756271493,-0.04828325615216669,-0.3333333333333333,0.006447789069487508,-0.6730355046978009,-0.01834640266016364,9.622050964865849e-05,-0.060070250071290285,0.0,1.0,False,0.0,退化中,"[-0.109, 0.0581, -0.0111]","[-0.1123, -0.0649, -0.0274]"
tdx_12_26_9,"通达信参数 · EMA(12,26,9)",688095,福昕软件,计算机,5,10,3,2022-05-11,2024-06-27,-0.00755723775239796,0.2,-0.06554332443364162,-0.11530141044415858,0.0007554540054238604,0.14285714285714285,-0.05444405791708318,0.013875784324790712,-0.026953518520648877,0.3333333333333333,-0.091441612972278,-0.29476206340345584,-0.02770897252607274,0.19047619047619047,-0.03699755505519482,-0.30863784772824654,0.002202831688715861,-0.005881826759628555,-0.10759603062787329,0.0,1.0,False,0.0,退化中,"[0.1343, -0.0953, -0.1199]","[-0.0529, -0.1011, -0.1203]"
tdx_12_26_9,"通达信参数 · EMA(12,26,9)",688333,铂力特,机械设备,5,6,3,2022-10-25,2026-04-01,-0.005966541136780677,0.6666666666666666,-0.056472550792485136,-0.10565382744451222,0.01922319586474581,0.6666666666666666,-0.04967574492506838,0.386973479587319,-0.031156278138307163,0.6666666666666666,-0.06326935665990187,-0.4924386746301948,-0.050379474003052975,0.0,-0.013593611734833491,-0.8794121542175137,-0.00626735582168245,-0.0008230759249915346,-0.04987634570150191,0.5,0.5609361621158786,False,0.0,退化中,"[-0.1047, 0.0049, 0.0063]","[-0.1176, -0.0312, -0.041]"
tdx_12_26_9,"通达信参数 · EMA(12,26,9)",000815,美利云,计算机,5,7,3,2022-05-10,2024-02-22,-0.020790845628607335,0.5714285714285714,-0.09442742184489135,-0.22017805021468081,-0.010856403279848834,0.5,-0.0842596241452956,-0.12884466777502201,-0.03403676876028535,0.6666666666666666,-0.10798448544435231,-0.3152005458953225,-0.02318036548043652,0.16666666666666663,-0.02372486129905671,-0.18635587812030047,0.00525699573299702,0.0019879073454433555,-0.12177475611809543,0.5,0.8022099007799645,False,0.0,退化中,"[0.0349, -0.2784, 0.1414]","[-0.0339, -0.29, 0.0]"
tdx_12_26_9,"通达信参数 · EMA(12,26,9)",688408,中信博,电力设备,5,6,3,2022-03-24,2024-07-26,0.10541473871844605,0.3333333333333333,-0.07928341476738332,1.3295938252373682,0.2506490850909669,0.3333333333333333,-0.07118351102611199,3.5211677743603036,-0.03981960765407476,0.3333333333333333,-0.08738331850865465,-0.45568889272763125,-0.29046869274504167,0.0,-0.016199807482542655,-3.976856667087935,-0.027142597513539035,-0.004545296246867293,-0.063478370103717,0.0,1.0,False,0.0,退化中,"[0.0075, -0.0078, -0.1192]","[-0.0523, -0.0837, -0.1261]"
tdx_12_26_9,"通达信参数 · EMA(12,26,9)",688435,英方软件,计算机,5,8,3,2023-07-26,2024-07-22,-0.03354508555511245,0.375,-0.08352382013664005,-0.4016229801299159,-0.02934646748602827,0.4,-0.09086019347132089,-0.3229848668029877,-0.040542782336919415,0.3333333333333333,-0.07129653124550529,-0.5686501380735172,-0.011196314850891145,-0.06666666666666671,0.019563662225815598,-0.24566527127052945,-0.00016660704918595602,0.004125764117478567,-0.06362000964454857,0.0,1.0,False,0.0,稳定/不明显,"[-0.0621, 0.0056, -0.0651]","[-0.1091, -0.0172, -0.0876]"
tdx_12_26_9,"通达信参数 · EMA(12,26,9)",603051,鹿山新材,基础化工,5,6,3,2022-05-13,2023-06-28,-0.04459248098224718,0.16666666666666666,-0.07205060458331872,-0.618905021548859,-0.044580537474869515,0.3333333333333333,-0.07482132251527655,-0.5958266437454021,-0.04460442448962484,0.0,-0.0692798866513609,-0.6438293514261784,-2.3887014755322178e-05,-0.3333333333333333,0.0055414358639156586,-0.0480027076807763,-0.005234939173296273,-0.00027001578476942406,-0.06457056455786242,0.0,1.0,False,0.0,稳定/不明显,"[-0.0047, -0.1101, -0.019]","[-0.049, -0.1112, -0.0476]"
tdx_12_26_9,"通达信参数 · EMA(12,26,9)",000668,*ST荣控,未知,5,6,3,2024-02-26,2025-04-16,-0.008645199571894552,0.5,-0.06718291613291959,-0.12868151711054426,0.02850065565032926,1.0,-0.05418926145358471,0.5259465599977077,-0.04579105479411836,0.0,-0.08017657081225445,-0.5711276290594297,-0.07429171044444761,-1.0,-0.02598730935866974,-1.0970741890571374,-0.02045164994128528,-0.012412078686318537,-0.048240485536902473,0.0,1.0,False,0.0,退化中,"[-0.0427, -0.0537, -0.0409]","[-0.0527, -0.0651, -0.1227]"
tdx_12_26_9,"通达信参数 · EMA(12,26,9)",688303,大全能源,电力设备,5,6,3,2022-10-14,2025-02-07,-0.026936178937944543,0.3333333333333333,-0.06404784880040992,-0.4205633669584254,0.013141791037103376,0.6666666666666666,-0.031035791665810317,0.4234398522393953,-0.06701414891299246,0.0,-0.09705990593500953,-0.6904411071432992,-0.08015593995009583,-0.6666666666666666,-0.06602411426919921,-1.1138809593826946,-0.018430233413650764,-0.01561083220950459,-0.07295583101536392,0.0,1.0,False,0.0,退化中,"[-0.0551, -0.0829, -0.063]","[-0.0704, -0.1468, -0.0739]"
tdx_12_26_9,"通达信参数 · EMA(12,26,9)",688711,宏微科技,电子,5,7,3,2022-02-24,2024-08-29,-0.00024853301042555246,0.5714285714285714,-0.06879229449110509,-0.003612803036504154,0.050478847034618704,0.75,-0.032286138260657474,1.5634835800765339,-0.06788503973715122,0.3333333333333333,-0.11746716946503521,-0.5779064912035494,-0.11836388677176993,-0.4166666666666667,-0.08518103120437774,-2.1413900712800835,-0.022145637183358834,-0.01781220039942185,-0.12849872773536894,0.0,1.0,False,0.0,退化中,"[0.0533, -0.257, 0.0]","[-0.0311, -0.2727, -0.0487]"
tdx_12_26_9,"通达信参数 · EMA(12,26,9)",688598,金博股份,电力设备,5,7,3,2022-03-17,2025-01-16,-0.014134710330230376,0.42857142857142855,-0.06159549020003603,-0.22947638348727856,0.04279158307755769,0.75,-0.03524018116787399,1.214283856082096,-0.0900364348739478,0.0,-0.09673590224291877,-0.9307447678303804,-0.1328280179515055,-0.75,-0.06149572107504478,-2.1450286239124763,-0.023835137231945316,-0.009071144940641405,-0.11181590475710558,0.0,1.0,False,0.0,退化中,"[-0.1057, -0.1179, -0.0465]","[-0.1147, -0.1242, -0.0514]"
